route_id,departure_station_id,arrival_station_id,operator_id,distance_km
1,4145,4154,31,
2,4154,4145,31,
3,7129,6672,31,
4,6672,7129,31,
5,6672,7078,31,
6,6672,7221,31,
7,1369,327,31,
8,327,1369,31,
9,1369,6212,31,
10,6212,1369,31,
11,464,327,31,
12,464,6212,31,
13,327,464,31,
14,1190,327,31,
15,327,1190,31,
16,6212,1190,31,
17,715,327,31,
18,327,715,31,
19,8148,1369,31,
20,464,8148,31,
21,1369,8148,31,
22,1369,7972,31,
23,1369,8454,31,
24,7972,1369,31,
25,7972,1190,31,
26,8454,1369,31,
27,8454,1190,31,
28,1125,8454,31,
29,1190,8454,31,
30,4461,1369,31,
31,1369,4461,31,
32,2696,3290,31,
33,3290,2696,31,
34,3452,2696,31,
35,2696,3592,31,
36,3486,2696,31,
37,2696,3486,31,
38,4461,2696,31,
39,4461,2699,31,
40,2696,4461,31,
41,5094,2696,31,
42,2696,5094,31,
43,2696,6072,31,
44,6072,2696,31,
45,2696,4287,31,
46,2696,3452,31,
47,8454,6212,31,
48,6212,8705,31,
49,6212,8454,31,
50,8705,6212,31,
51,6225,6212,31,
52,6212,6225,31,
53,7128,8454,31,
54,6225,7128,31,
55,8454,7128,31,
56,7972,6212,31,
57,6212,7972,31,
58,6212,6671,31,
59,3290,7972,31,
60,7972,7128,31,
61,3640,2696,31,
62,2696,3640,31,
63,3640,2699,31,
64,1712,3290,31,
65,1704,7972,31,
66,1704,7128,31,
67,1704,6225,31,
68,1704,8454,31,
69,1704,1707,31,
70,7972,1712,31,
71,7972,1704,31,
72,4461,1712,31,
73,8454,1704,31,
74,6225,1704,31,
75,7128,1704,31,
76,3031,2672,31,
77,3104,3031,31,
78,2672,3031,31,
79,3031,3112,31,
80,3038,2672,31,
81,3031,3104,31,
82,3112,3031,31,
83,2672,3038,31,
84,2672,3104,31,
85,5996,5091,31,
86,5091,5996,31,
87,6070,5091,31,
88,5091,5923,31,
89,5923,5091,31,
90,5091,6070,31,
91,8602,7405,31,
92,8548,7405,31,
93,5719,7405,31,
94,7405,8602,31,
95,7405,8548,31,
96,7405,5719,31,
97,2315,1708,31,
98,2315,2242,31,
99,2340,1757,31,
100,2340,1708,31,
101,1708,2315,31,
102,1757,2315,31,
103,1708,2242,31,
104,2242,2315,31,
105,1708,2340,31,
106,2242,1708,31,
107,1876,1708,31,
108,1876,1757,31,
109,1708,1876,31,
110,1757,1876,31,
111,2631,1708,31,
112,1708,1999,31,
113,1972,1708,31,
114,1708,2027,31,
115,1972,1786,31,
116,1786,1999,31,
117,1708,1972,31,
118,1999,1708,31,
119,2027,1786,31,
120,1708,1786,31,
121,1708,2631,31,
122,2027,1708,31,
123,1786,1972,31,
124,1757,2027,31,
125,1972,2027,31,
126,1786,1708,31,
127,1972,1757,31,
128,2716,3237,31,
129,3237,3199,31,
130,3199,2700,31,
131,3199,2697,31,
132,2697,3199,31,
133,3156,2798,31,
134,3156,4147,31,
135,3156,3212,31,
136,4147,3156,31,
137,3212,3156,31,
138,2798,3156,31,
139,4147,7129,31,
140,4147,7078,31,
141,7129,4147,31,
142,7078,4147,31,
143,8758,5189,31,
144,8758,8790,31,
145,8758,8806,31,
146,8328,8293,31,
147,8328,8357,31,
148,8293,8357,31,
149,8357,8293,31,
150,8357,8308,31,
151,8261,8357,31,
152,8357,8261,31,
153,8357,8328,31,
154,8261,8328,31,
155,8308,8328,31,
156,8308,8357,31,
157,8293,8328,31,
158,7973,8357,31,
159,7973,8328,31,
160,8328,7973,31,
161,8342,7973,31,
162,8357,7973,31,
163,7875,8261,31,
164,7548,8261,31,
165,7774,8261,31,
166,7774,7548,31,
167,7561,7548,31,
168,7774,7875,31,
169,7774,8388,31,
170,7875,7774,31,
171,7548,7774,31,
172,8261,7774,31,
173,8261,7875,31,
174,8261,7548,31,
175,7875,7548,31,
176,7875,7154,31,
177,7875,7129,31,
178,7154,7875,31,
179,7129,7875,31,
180,7129,7154,31,
181,7973,7129,31,
182,7973,6958,31,
183,7129,7973,31,
184,6672,6220,31,
185,6672,6213,31,
186,7221,6220,31,
187,7078,6213,31,
188,7129,6213,31,
189,7221,6213,31,
190,7078,6220,31,
191,7221,6155,31,
192,7078,6672,31,
193,7221,6672,31,
194,7129,6220,31,
195,7129,6155,31,
196,6220,7129,31,
197,6213,7129,31,
198,6155,7129,31,
199,6220,7078,31,
200,6220,6672,31,
201,6213,6672,31,
202,6213,7078,31,
203,6220,7221,31,
204,6155,6672,31,
205,7774,7129,31,
206,7561,7129,31,
207,7129,7561,31,
208,7129,7774,31,
209,7129,7548,31,
210,6934,248,31,
211,6934,243,31,
212,248,6861,31,
213,243,6861,31,
214,6861,248,31,
215,6861,243,31,
216,248,6946,31,
217,243,6946,31,
218,6946,248,31,
219,6946,243,31,
220,243,6934,31,
221,241,6784,31,
222,252,6784,31,
223,6784,241,31,
224,6784,252,31,
225,6777,6784,31,
226,6777,216,31,
227,6784,216,31,
228,216,6784,31,
229,6784,6777,31,
230,216,6777,31,
231,254,7753,31,
232,7548,7129,31,
233,7726,7841,31,
234,7726,7860,31,
235,7841,7726,31,
236,7860,7726,31,
237,7860,7841,31,
238,7841,7860,31,
239,220,7860,35,
240,7860,220,35,
241,7829,7860,31,
242,7829,7841,31,
243,7860,7829,31,
244,7129,7679,31,
245,7078,7679,31,
246,7078,7679,36,
247,7679,7078,31,
248,7679,7078,36,
249,7679,7129,31,
250,7679,7129,36,
251,1876,8856,31,
252,8856,1876,31,
253,8844,1972,31,
254,1972,8844,31,
255,8849,1876,31,
256,1876,8849,31,
257,1876,2441,31,
258,3407,3398,31,
259,3291,3407,31,
260,3407,3291,31,
261,3291,3398,31,
262,3398,3291,31,
263,3398,3407,31,
264,3528,3487,31,
265,3521,3492,31,
266,3492,3521,31,
267,6260,6336,31,
268,6220,6155,31,
269,6213,6155,31,
270,6336,6260,31,
271,7406,7387,31,
272,5721,5689,31,
273,8566,5433,31,
274,5433,8566,31,
275,8204,8149,32,
276,8204,8196,32,
277,8149,8204,32,
278,5189,8758,31,
279,8790,8758,31,
280,8806,8758,31,
281,7753,210,31,
282,7753,192,31,
283,210,7753,31,
284,192,7753,31,
285,210,7768,31,
286,210,7764,31,
287,7753,7768,31,
288,7768,210,31,
289,7764,7753,31,
290,7768,7753,31,
291,210,7774,31,
292,7774,210,31,
293,7774,7753,31,
294,7753,7774,31,
295,7774,192,31,
296,210,7814,31,
297,7814,210,31,
298,953,327,31,
299,7753,212,31,
300,953,6212,31,
301,7753,188,31,
302,7753,254,31,
303,327,953,31,
304,188,7753,31,
305,212,7753,31,
306,6212,953,31,
307,1267,1191,31,
308,1191,1267,31,
309,1286,1191,31,
310,1191,1286,31,
311,327,590,31,
312,6212,464,31,
313,327,614,31,
314,590,327,31,
315,327,669,31,
316,669,327,31,
317,669,6212,31,
318,614,327,31,
319,1707,1875,31,
320,1875,1707,31,
321,1190,6212,31,
322,327,829,31,
323,327,784,31,
324,784,327,31,
325,829,327,31,
326,715,6212,31,
327,6212,715,31,
328,895,327,31,
329,327,895,31,
330,327,877,31,
331,327,135,31,
332,327,1125,31,
333,135,327,31,
334,1125,327,31,
335,135,6212,31,
336,7713,6338,31,
337,6338,7713,31,
338,6338,7218,31,
339,7218,6338,31,
340,6338,7223,31,
341,6338,6440,31,
342,6440,6338,31,
343,6440,7703,31,
344,6845,6440,31,
345,6440,6845,31,
346,7703,6440,31,
347,7708,6440,31,
348,6526,4127,31,
349,4127,6526,31,
350,7067,6998,31,
351,3780,6998,31,
352,6998,6486,31,
353,6998,6302,31,
354,6998,3780,31,
355,3778,6998,31,
356,6486,6998,31,
357,6998,7067,31,
358,6302,6998,31,
359,3025,6998,31,
360,6998,3025,31,
361,6998,6971,31,
362,6971,6998,31,
363,6998,6494,31,
364,6494,6998,31,
365,7036,6496,31,
366,6494,7036,31,
367,6672,6953,36,
368,6861,6953,36,
369,6953,6861,36,
370,6953,6672,36,
371,6440,6522,31,
372,6522,6440,31,
373,7289,6526,31,
374,6526,7653,31,
375,6526,7286,31,
376,7286,6526,31,
377,6526,7289,31,
378,6526,7487,31,
379,7487,6526,31,
380,7321,6526,31,
381,6526,7321,31,
382,6440,6526,31,
383,6526,7496,31,
384,7496,6526,31,
385,2441,2242,33,
386,2561,1876,31,
387,1760,1708,31,
388,2441,1876,31,
389,1830,1876,31,
390,1999,1876,31,
391,1876,2437,31,
392,1876,1975,31,
393,7097,932,31,
394,932,7097,31,
395,7097,930,31,
396,930,7097,31,
397,7074,6546,31,
398,6546,7074,31,
399,7218,6440,31,
400,6988,6440,31,
401,6988,7074,31,
402,7713,6440,31,
403,6440,7713,31,
404,6530,7134,31,
405,7134,6530,31,
406,3071,2672,31,
407,2672,3071,31,
408,5595,4355,31,
409,7404,7397,31,
410,7397,7412,31,
411,7412,7397,31,
412,4355,5595,31,
413,4939,5687,31,
414,5687,5319,31,
415,7385,5595,31,
416,7456,7496,31,
417,7496,7404,31,
418,5595,7404,31,
419,7412,5595,31,
420,7452,5687,31,
421,5687,7452,31,
422,7487,7478,31,
423,6379,7385,31,
424,4878,5687,31,
425,7404,7487,31,
426,5630,7404,31,
427,7404,5630,31,
428,7404,7385,31,
429,7487,7404,31,
430,3017,5595,31,
431,5595,3017,31,
432,4416,5595,31,
433,5595,7385,31,
434,7462,7465,31,
435,7478,7404,31,
436,7653,7487,31,
437,7465,7462,31,
438,7379,7465,31,
439,7465,7379,31,
440,7465,7456,31,
441,7496,7456,31,
442,7465,7496,31,
443,7496,7465,31,
444,7452,7496,31,
445,7496,7452,31,
446,7441,7452,31,
447,5323,5687,31,
448,7435,2787,31,
449,5687,5715,31,
450,2791,7441,31,
451,7435,2791,31,
452,7456,7441,31,
453,5595,4416,31,
454,7478,7487,31,
455,3188,3031,31,
456,3089,2672,31,
457,3089,3031,31,
458,3031,3089,31,
459,2672,3089,31,
460,3031,3188,31,
461,7646,6212,31,
462,7713,7716,31,
463,7716,7713,31,
464,7713,7609,31,
465,2672,3215,31,
466,7609,7713,31,
467,3215,2672,31,
468,7713,7719,31,
469,3215,2679,31,
470,2679,3215,31,
471,6450,2400,31,
472,2400,8326,31,
473,7948,8326,31,
474,8326,2400,31,
475,2400,6450,31,
476,8326,7948,31,
477,8330,2400,31,
478,2400,8330,31,
479,2400,4127,31,
480,4127,2400,31,
481,2400,7546,31,
482,4127,8313,31,
483,8313,4127,31,
484,8330,8340,31,
485,8317,4127,31,
486,8330,8317,31,
487,8340,4127,31,
488,8292,8313,31,
489,7546,2400,31,
490,7546,7153,31,
491,7603,7546,31,
492,7153,7546,31,
493,7546,7150,31,
494,7150,7546,31,
495,7145,7546,31,
496,7896,7153,31,
497,7896,7150,31,
498,7933,2400,31,
499,2400,7933,31,
500,7153,7896,31,
501,7153,7906,31,
502,7906,7153,31,
503,2672,3176,31,
504,2672,3156,31,
505,7153,7074,31,
506,7074,7153,31,
507,7649,2400,31,
508,2400,7649,31,
509,7580,7569,31,
510,7569,7580,31,
511,7546,7649,31,
512,7649,7546,31,
513,7582,7546,31,
514,7575,7669,31,
515,7669,7569,31,
516,3176,2672,31,
517,3156,2672,31,
518,6338,7546,31,
519,7546,6338,31,
520,7550,7546,31,
521,7546,7550,31,
522,7546,7772,31,
523,7772,7546,31,
524,7781,7772,31,
525,7559,7546,31,
526,7645,2400,31,
527,2400,7633,31,
528,7645,7546,31,
529,7546,7645,31,
530,7569,7633,31,
531,7633,7618,31,
532,7618,7633,31,
533,7645,7633,31,
534,7633,7645,31,
535,7633,7546,31,
536,6440,7546,31,
537,7973,8104,31,
538,8104,7973,31,
539,6440,2400,31,
540,2400,6440,31,
541,6440,7145,31,
542,169,8172,36,
543,8172,169,36,
544,8234,8149,32,
545,169,8172,31,
546,8178,8149,32,
547,169,8172,32,
548,8149,8178,32,
549,8172,169,31,
550,6440,7772,31,
551,7772,6440,31,
552,8172,8178,36,
553,8178,169,36,
554,8178,8172,36,
555,8234,8149,36,
556,169,8178,36,
557,2672,3188,31,
558,3188,2672,31,
559,2400,8284,31,
560,4127,6520,31,
561,2400,4129,31,
562,8284,2400,31,
563,2410,2400,31,
564,6520,2400,31,
565,2400,2410,31,
566,2400,6520,31,
567,2410,2705,31,
568,4129,2705,31,
569,6520,2705,31,
570,8284,2705,31,
571,2697,3237,31,
572,7766,2400,31,
573,7772,7840,31,
574,3237,2697,31,
575,7812,2400,31,
576,7750,2400,31,
577,7546,7801,31,
578,7795,6440,31,
579,7546,7812,31,
580,7546,7750,31,
581,7840,7546,31,
582,7750,7766,31,
583,2400,7762,31,
584,2710,3237,31,
585,7766,7546,31,
586,6440,7840,31,
587,7750,7546,31,
588,7762,7546,31,
589,7840,2400,31,
590,7840,6440,31,
591,2400,7840,31,
592,7840,7772,31,
593,2400,7750,31,
594,7812,6502,31,
595,7795,7546,31,
596,7546,7840,31,
597,2400,7766,31,
598,3237,2710,31,
599,3237,2700,31,
600,7812,7750,31,
601,7762,7766,31,
602,7766,7750,31,
603,7750,7789,31,
604,7772,7750,31,
605,7750,7772,31,
606,2700,3237,31,
607,7840,7812,31,
608,7812,7840,31,
609,7812,7801,31,
610,7812,7789,31,
611,7736,7812,31,
612,7766,7736,31,
613,7812,7736,31,
614,7750,7812,31,
615,2697,3608,31,
616,7736,7840,31,
617,7750,7736,31,
618,7736,7766,31,
619,3608,2697,31,
620,3608,2710,31,
621,6412,6334,31,
622,6334,6405,31,
623,6405,6334,31,
624,6334,6412,31,
625,6259,6283,31,
626,6283,6259,31,
627,6334,6379,31,
628,6379,6334,31,
629,6371,6334,31,
630,6334,6371,31,
631,6379,6302,31,
632,6302,6379,31,
633,6088,6305,31,
634,6998,6305,31,
635,6305,6998,31,
636,6305,6088,31,
637,4879,4120,31,
638,4120,5091,31,
639,4120,4879,31,
640,4120,5303,31,
641,4879,6217,31,
642,6217,4879,31,
643,5303,4120,31,
644,5303,6217,31,
645,6217,5303,31,
646,5091,4120,31,
647,5091,6217,31,
648,6217,5091,31,
649,1117,1065,31,
650,1103,1117,31,
651,6933,6945,31,
652,6945,6859,31,
653,6945,6933,31,
654,6859,6945,31,
655,247,6945,31,
656,6948,6704,31,
657,6704,6948,31,
658,6891,6948,31,
659,6948,6891,31,
660,6948,6879,31,
661,6948,6859,31,
662,6782,6776,31,
663,5765,6776,31,
664,6776,6782,31,
665,6776,6792,31,
666,6782,214,31,
667,214,6782,31,
668,6782,6829,31,
669,6829,6782,31,
670,6809,7708,31,
671,2647,6704,31,
672,6779,7708,31,
673,7708,6704,31,
674,6948,7708,31,
675,6904,6898,31,
676,6898,6904,31,
677,6792,6776,31,
678,7708,6779,31,
679,7708,6948,31,
680,6753,6743,31,
681,6668,6743,31,
682,7677,6743,31,
683,6743,6753,31,
684,6743,6668,31,
685,6743,6748,31,
686,6189,6168,31,
687,6168,6189,31,
688,6421,6168,31,
689,6168,6421,31,
690,6168,6415,31,
691,6415,6168,31,
692,6415,6421,31,
693,6421,6415,31,
694,6699,6701,31,
695,6701,6699,31,
696,6647,6668,31,
697,6668,6647,31,
698,4121,5905,36,
699,5905,4121,36,
700,5092,4121,31,
701,4121,5092,31,
702,5387,4121,31,
703,5357,4121,31,
704,4121,5357,31,
705,4121,5387,31,
706,4121,5688,31,
707,5688,4121,31,
708,3638,4458,31,
709,3638,3784,31,
710,4458,3638,31,
711,3784,3638,31,
712,4123,4395,31,
713,6336,4123,31,
714,4395,4123,31,
715,6336,6220,31,
716,4395,4059,31,
717,6336,4059,31,
718,4059,4395,31,
719,4065,4395,31,
720,4123,4059,31,
721,6220,4395,31,
722,4123,6336,31,
723,4395,6220,31,
724,6220,6336,31,
725,5188,4121,36,
726,4122,4460,36,
727,4460,4122,36,
728,8326,6460,31,
729,7948,6460,31,
730,2400,8326,36,
731,8326,6460,36,
732,2400,7948,36,
733,177,7736,31,
734,7736,177,31,
735,6526,6440,31,
736,6440,7218,31,
737,6440,6988,31,
738,7218,6440,36,
739,6988,6440,36,
740,7145,7074,31,
741,7074,7145,31,
742,7145,6440,31,
743,7593,6440,31,
744,7546,7145,31,
745,6440,7593,31,
746,7153,6440,31,
747,6494,7119,31,
748,7119,6496,31,
749,7736,190,31,
750,190,7736,31,
751,4122,3639,31,
752,3639,4122,31,
753,3639,6219,31,
754,6440,4127,31,
755,7110,6546,31,
756,6546,8269,31,
757,8269,6546,31,
758,7110,7074,31,
759,7074,8269,31,
760,8269,7074,31,
761,6442,7110,31,
762,6440,6460,31,
763,6440,7153,31,
764,7145,6460,31,
765,7150,6440,31,
766,7142,6440,31,
767,6219,3639,31,
768,7402,8436,31,
769,6440,7150,31,
770,6440,7142,31,
771,4095,4359,31,
772,4359,4095,31,
773,8436,7402,31,
774,4386,4359,31,
775,4397,4423,31,
776,4423,4397,31,
777,4386,4397,31,
778,4122,3289,31,
779,6219,3289,31,
780,3289,4122,31,
781,3289,6219,31,
782,7649,7546,36,
783,7669,7649,31,
784,7649,7669,31,
785,7669,7546,31,
786,7618,7546,31,
787,7546,7618,31,
788,7645,7618,31,
789,7618,7645,31,
790,7750,272,31,
791,272,7750,31,
792,183,7736,31,
793,7736,183,31,
794,7397,5595,36,
795,5687,4878,31,
796,6379,7404,31,
797,5687,4878,36,
798,4878,5687,36,
799,6259,6276,31,
800,6276,6259,31,
801,6334,6402,31,
802,6402,6334,31,
803,6302,6276,31,
804,4131,6343,31,
805,4131,6355,31,
806,6343,6334,31,
807,6154,6668,31,
808,6692,6154,31,
809,6189,6154,31,
810,6765,6668,31,
811,6668,6765,31,
812,6665,6765,31,
813,6154,6168,31,
814,6168,6154,31,
815,247,6859,31,
816,6859,247,31,
817,238,6782,31,
818,6782,238,31,
819,1065,1100,31,
820,1065,609,31,
821,1100,1065,31,
822,463,7075,36,
823,463,7124,36,
824,463,7124,31,
825,463,7075,31,
826,6334,6343,31,
827,6343,7519,31,
828,7519,6343,31,
829,4144,4300,31,
830,4300,4144,31,
831,5595,4393,31,
832,4416,4393,31,
833,4197,4144,31,
834,7734,4144,31,
835,4144,7734,31,
836,4144,7732,31,
837,7732,4355,31,
838,4355,7732,31,
839,6334,4393,31,
840,4393,6334,31,
841,7732,5037,31,
842,5037,5057,31,
843,5057,4355,31,
844,4061,4151,31,
845,4355,4393,31,
846,4058,4076,31,
847,4144,4393,31,
848,4393,4144,31,
849,7521,4058,31,
850,4058,7521,31,
851,7519,7521,31,
852,4216,7521,31,
853,7521,4216,31,
854,7521,4144,31,
855,4359,4386,31,
856,2782,2731,31,
857,2731,2782,31,
858,7872,7843,31,
859,7843,7872,31,
860,2764,7843,31,
861,7843,2764,31,
862,828,783,31,
863,783,828,31,
864,783,828,36,
865,737,714,31,
866,714,737,36,
867,714,737,31,
868,714,876,31,
869,593,887,31,
870,324,737,31,
871,737,324,31,
872,737,734,31,
873,876,334,31,
874,334,887,31,
875,334,876,31,
876,876,734,31,
877,876,737,31,
878,737,876,31,
879,379,876,31,
880,876,379,31,
881,379,887,31,
882,887,379,31,
883,876,887,31,
884,894,462,31,
885,462,894,31,
886,379,401,31,
887,324,396,31,
888,401,379,31,
889,396,324,31,
890,582,379,31,
891,379,582,31,
892,379,593,31,
893,324,379,31,
894,379,324,31,
895,7075,594,36,
896,7075,463,36,
897,7124,463,36,
898,298,864,31,
899,508,462,31,
900,864,298,31,
901,462,508,31,
902,462,1616,31,
903,1616,462,31,
904,35,1366,31,
905,1366,35,31,
906,1451,1490,31,
907,1490,1451,31,
908,1427,1366,31,
909,1366,1433,31,
910,1448,1366,31,
911,1366,1448,31,
912,1433,1366,31,
913,1366,1427,31,
914,1433,1448,31,
915,1448,1433,31,
916,917,876,31,
917,613,609,31,
918,609,613,31,
919,1569,609,31,
920,876,917,31,
921,1666,1318,31,
922,1318,1666,31,
923,1381,1318,31,
924,1318,1381,31,
925,1505,1381,31,
926,1381,1505,31,
927,2030,714,31,
928,714,783,31,
929,952,1055,31,
930,1055,952,31,
931,952,1002,31,
932,1002,952,31,
933,901,887,36,
934,901,887,31,
935,887,901,36,
936,887,901,31,
937,49,958,31,
938,958,49,31,
939,582,887,36,
940,582,887,31,
941,901,582,36,
942,901,582,31,
943,582,901,36,
944,582,901,31,
945,35,38,31,
946,38,35,31,
947,887,582,36,
948,887,582,31,
949,1595,1569,31,
950,1569,1595,31,
951,1605,1569,31,
952,1569,1605,31,
953,1569,613,31,
954,1605,613,31,
955,613,1569,31,
956,613,1595,31,
957,609,1569,31,
958,1569,1582,31,
959,1595,609,31,
960,1605,609,31,
961,609,1605,31,
962,1569,640,31,
963,640,1569,31,
964,613,640,31,
965,1582,1569,31,
966,582,379,36,
967,6643,407,36,
968,6643,407,31,
969,2416,7393,36,
970,2416,7393,31,
971,407,379,36,
972,407,379,31,
973,379,404,36,
974,379,404,31,
975,407,6643,36,
976,7363,2416,31,
977,407,6643,31,
978,404,379,36,
979,404,379,31,
980,379,407,36,
981,379,407,31,
982,582,404,36,
983,582,404,31,
984,404,582,36,
985,404,582,31,
986,404,6643,36,
987,404,6643,31,
988,6643,404,36,
989,6643,404,31,
990,1061,1035,31,
991,1016,1035,31,
992,1035,5813,31,
993,1028,1061,31,
994,1035,1061,31,
995,439,8432,31,
996,6154,439,36,
997,6154,439,31,
998,439,6154,31,
999,8432,439,31,
1000,1451,1471,31,
1001,1471,1451,31,
1002,1451,1460,31,
1003,1188,156,31,
1004,1124,1188,31,
1005,1124,156,31,
1006,462,1188,31,
1007,1188,462,31,
1008,609,668,31,
1009,668,462,31,
1010,462,609,31,
1011,462,668,31,
1012,558,462,31,
1013,462,558,31,
1014,474,521,31,
1015,521,474,31,
1016,6668,462,31,
1017,462,6668,31,
1018,508,613,31,
1019,613,508,31,
1020,1285,107,31,
1021,1188,107,31,
1022,107,1285,31,
1023,1285,1318,31,
1024,1255,1335,31,
1025,462,613,31,
1026,613,462,31,
1027,462,521,31,
1028,462,1335,31,
1029,1335,462,31,
1030,1335,828,31,
1031,783,1335,31,
1032,1335,783,31,
1033,1343,1335,31,
1034,1124,783,31,
1035,828,1335,31,
1036,783,1124,31,
1037,894,737,31,
1038,462,917,31,
1039,521,462,31,
1040,379,396,31,
1041,396,379,31,
1042,1188,1255,31,
1043,1255,917,31,
1044,7341,379,31,
1045,379,7341,31,
1046,156,1124,31,
1047,1188,876,31,
1048,1335,151,31,
1049,151,1335,31,
1050,913,890,31,
1051,894,508,31,
1052,913,894,31,
1053,894,913,31,
1054,890,894,31,
1055,894,890,31,
1056,890,913,31,
1057,1188,1124,31,
1058,396,401,31,
1059,894,1188,31,
1060,401,396,31,
1061,609,462,31,
1062,668,609,31,
1063,1318,1285,31,
1064,783,1985,31,
1065,1134,156,31,
1066,1985,783,31,
1067,714,729,31,
1068,1335,1255,31,
1069,729,714,31,
1070,1335,1343,31,
1071,1124,1335,31,
1072,592,461,31,
1073,1335,1124,31,
1074,474,462,31,
1075,1134,917,31,
1076,917,1255,31,
1077,439,714,31,
1078,439,876,31,
1079,714,439,31,
1080,462,474,31,
1081,876,439,31,
1082,462,737,31,
1083,439,7911,31,
1084,7911,439,31,
1085,439,7917,31,
1086,7911,7877,31,
1087,156,1124,36,
1088,1124,156,36,
1089,1140,156,31,
1090,156,1140,36,
1091,1124,138,31,
1092,1124,138,36,
1093,138,1124,36,
1094,138,1124,31,
1095,1188,917,31,
1096,917,1188,31,
1097,917,1134,31,
1098,1124,462,31,
1099,107,1265,31,
1100,1265,107,31,
1101,2241,2026,33,
1102,2026,2241,33,
1103,2526,1998,31,
1104,2057,2026,31,
1105,2142,1756,31,
1106,2026,2044,31,
1107,1998,2026,31,
1108,1756,2241,31,
1109,1722,2030,31,
1110,1756,1785,31,
1111,2044,2026,31,
1112,1785,1756,31,
1113,2241,1756,31,
1114,2030,1722,31,
1115,1737,1722,31,
1116,2026,1785,31,
1117,1785,2026,31,
1118,1722,1737,31,
1119,2241,3029,31,
1120,1366,1595,31,
1121,1592,7657,31,
1122,7657,1592,31,
1123,2325,2241,31,
1124,958,1035,31,
1125,1035,958,31,
1126,1028,1035,31,
1127,1666,1651,31,
1128,2951,1666,31,
1129,1651,1666,31,
1130,1666,2951,31,
1131,1998,1985,31,
1132,1873,2559,31,
1133,1331,1471,31,
1134,1985,1998,31,
1135,1471,1331,31,
1136,1985,2526,31,
1137,1985,2526,36,
1138,2526,1985,31,
1139,2526,1985,36,
1140,1971,2526,36,
1141,1971,2526,31,
1142,2526,1971,31,
1143,1971,1998,31,
1144,2526,1971,36,
1145,1998,1971,31,
1146,1333,1471,31,
1147,5671,1471,31,
1148,1998,2526,36,
1149,1998,2526,31,
1150,2241,2279,31,
1151,2241,2439,31,
1152,2439,2241,31,
1153,2526,1974,31,
1154,1974,2526,36,
1155,1974,2526,31,
1156,2526,1873,36,
1157,1451,1331,31,
1158,1471,5671,31,
1159,1451,1333,31,
1160,1381,5519,31,
1161,8818,1381,31,
1162,5519,1381,31,
1163,1381,8818,31,
1164,1366,1666,31,
1165,1366,1505,31,
1166,1318,1366,31,
1167,4125,1517,31,
1168,1517,4125,31,
1169,3638,7075,31,
1170,3638,6335,31,
1171,3638,7124,31,
1172,6591,1517,31,
1173,1517,6591,31,
1174,2559,2526,31,
1175,2526,2559,31,
1176,2563,1873,31,
1177,958,171,31,
1178,2435,2439,31,
1179,1828,2313,31,
1180,1900,1873,31,
1181,2313,2338,31,
1182,2338,2279,31,
1183,2313,2279,31,
1184,2338,2313,31,
1185,2279,2338,31,
1186,171,958,31,
1187,2526,2630,31,
1188,2526,2610,31,
1189,8335,6110,31,
1190,1515,1399,31,
1191,8093,6110,31,
1192,1457,5645,31,
1193,5659,6110,31,
1194,1510,5645,31,
1195,1399,6110,31,
1196,1399,1457,31,
1197,6110,1399,31,
1198,1457,6110,31,
1199,1515,1457,31,
1200,1457,1399,31,
1201,5645,1510,31,
1202,6110,1457,31,
1203,1399,1515,31,
1204,1457,8335,31,
1205,6110,1510,31,
1206,1399,8335,31,
1207,1517,1366,31,
1208,3584,3288,31,
1209,3288,3584,31,
1210,1366,1517,31,
1211,1525,1366,31,
1212,1366,1525,31,
1213,1366,1399,31,
1214,1399,1366,31,
1215,1517,613,31,
1216,5581,1517,31,
1217,5583,1517,31,
1218,1517,5579,31,
1219,1517,1608,31,
1220,1517,5581,31,
1221,1517,5583,31,
1222,613,1517,31,
1223,5581,5525,31,
1224,5583,5525,31,
1225,5575,5527,31,
1226,5531,1608,31,
1227,5569,5527,31,
1228,5539,1517,31,
1229,5587,1517,31,
1230,5585,1517,31,
1231,1517,5539,31,
1232,5523,5583,31,
1233,1608,1517,31,
1234,5669,1399,31,
1235,5669,5645,31,
1236,5643,5669,31,
1237,5641,5669,31,
1238,1399,5669,31,
1239,5645,5669,31,
1240,952,1047,31,
1241,958,1065,31,
1242,980,958,31,
1243,1065,1077,31,
1244,1065,958,31,
1245,1451,1366,31,
1246,1366,1451,31,
1247,1451,1374,31,
1248,2707,2694,31,
1249,2694,2707,31,
1250,1451,7955,31,
1251,1490,5821,31,
1252,7955,1451,31,
1253,5821,1490,31,
1254,1542,1517,31,
1255,1542,1569,31,
1256,1569,1542,31,
1257,1366,1542,31,
1258,1366,1569,31,
1259,1510,5725,31,
1260,5725,1510,31,
1261,2678,2662,31,
1262,3155,3214,31,
1263,2681,2662,31,
1264,3175,3155,31,
1265,2662,2678,31,
1266,3155,3175,31,
1267,2662,2681,31,
1268,1421,1366,31,
1269,1366,1421,31,
1270,3187,3175,31,
1271,1281,1124,31,
1272,1124,1281,31,
1273,2913,1124,31,
1274,2905,1124,31,
1275,1124,2905,31,
1276,1124,2917,31,
1277,7517,1124,31,
1278,3103,3029,31,
1279,3103,3111,31,
1280,2666,3103,31,
1281,3111,3103,31,
1282,2662,3103,31,
1283,3103,2666,31,
1284,3103,2662,31,
1285,2676,3103,31,
1286,3103,2676,31,
1287,6849,6579,31,
1288,645,462,31,
1289,462,8446,31,
1290,643,462,31,
1291,462,643,31,
1292,6768,462,31,
1293,8446,643,31,
1294,645,643,31,
1295,643,8446,31,
1296,462,6768,31,
1297,2887,462,31,
1298,8446,462,31,
1299,6579,462,31,
1300,462,2887,31,
1301,462,645,31,
1302,474,343,31,
1303,462,3269,31,
1304,3269,462,31,
1305,3269,474,31,
1306,343,474,31,
1307,4622,4601,31,
1308,4601,4622,31,
1309,4457,4663,31,
1310,4663,4457,31,
1311,4663,4622,31,
1312,4601,4663,31,
1313,1188,1335,31,
1314,1335,1188,31,
1315,4601,4284,31,
1316,4284,4601,31,
1317,3927,3821,31,
1318,3927,3821,36,
1319,3821,3990,31,
1320,3821,3990,36,
1321,3990,3927,31,
1322,3990,3821,31,
1323,3990,3821,36,
1324,3821,3927,31,
1325,3821,3927,36,
1326,619,609,31,
1327,4284,3821,31,
1328,3821,4284,31,
1329,631,609,31,
1330,6480,1124,31,
1331,3927,4601,31,
1332,1124,6480,31,
1333,3990,4601,31,
1334,4601,3927,31,
1335,3927,3990,31,
1336,4601,3990,31,
1337,3141,3799,31,
1338,3799,3783,31,
1339,640,613,31,
1340,6843,609,31,
1341,609,640,31,
1342,3141,3927,31,
1343,3927,3141,31,
1344,640,609,31,
1345,3952,3783,31,
1346,3783,3952,31,
1347,3952,3927,31,
1348,609,6843,31,
1349,1285,5671,31,
1350,7529,7537,31,
1351,1122,7523,31,
1352,3544,7531,31,
1353,7527,1122,31,
1354,7537,7529,31,
1355,7525,1122,31,
1356,7537,7533,31,
1357,1331,1318,31,
1358,1318,1331,31,
1359,5671,1318,31,
1360,4343,4765,31,
1361,4846,4765,31,
1362,4765,4343,31,
1363,4765,4284,31,
1364,4284,4343,31,
1365,4765,4846,31,
1366,4765,4863,31,
1367,4863,4765,31,
1368,1318,5671,31,
1369,7075,3638,31,
1370,7124,3638,31,
1371,1651,1318,31,
1372,1318,1616,31,
1373,2951,1318,31,
1374,4765,4972,31,
1375,1616,1318,31,
1376,7373,1651,31,
1377,6855,1651,31,
1378,1318,1651,31,
1379,1651,7373,31,
1380,4878,4952,31,
1381,4952,4878,31,
1382,6335,3638,31,
1383,4885,4931,31,
1384,4885,4906,31,
1385,4931,4885,31,
1386,4906,4885,31,
1387,4878,4885,31,
1388,4878,4931,31,
1389,4931,4878,31,
1390,4885,4878,31,
1391,2979,1318,31,
1392,1651,1655,31,
1393,4789,4885,31,
1394,4765,4885,31,
1395,4885,4765,31,
1396,4885,4789,31,
1397,1229,1220,31,
1398,4765,5595,31,
1399,4765,5063,31,
1400,5595,5063,31,
1401,1220,1229,31,
1402,5063,4765,31,
1403,3568,1643,31,
1404,4715,4972,31,
1405,5017,4972,31,
1406,4972,4684,31,
1407,4972,5017,31,
1408,6617,1616,31,
1409,4684,4972,31,
1410,4972,4715,31,
1411,3568,2947,31,
1412,4684,4715,31,
1413,1229,1616,31,
1414,1616,1643,31,
1415,2947,3566,31,
1416,1643,2979,31,
1417,2979,6617,31,
1418,3568,6617,31,
1419,4715,4684,31,
1420,3560,3566,31,
1421,6629,2947,31,
1422,1643,1616,31,
1423,1616,1229,31,
1424,1616,2961,31,
1425,2961,1616,31,
1426,2961,3568,31,
1427,3568,2961,31,
1428,4878,4765,31,
1429,4622,4663,31,
1430,4972,4878,31,
1431,4878,4972,31,
1432,4972,5000,31,
1433,5000,4972,31,
1434,1255,1188,31,
1435,1134,1255,31,
1436,1255,1134,31,
1437,4476,4479,31,
1438,4467,4485,31,
1439,4457,4485,31,
1440,4485,4467,31,
1441,4485,4457,31,
1442,4457,4479,31,
1443,4479,4457,31,
1444,4479,4476,31,
1445,4527,4551,31,
1446,4551,4527,31,
1447,4457,4551,31,
1448,5909,4527,31,
1449,6005,5909,31,
1450,5909,6005,31,
1451,4527,5909,31,
1452,4650,5026,31,
1453,5026,4650,31,
1454,4622,4650,31,
1455,4650,4622,31,
1456,4457,4581,31,
1457,4581,4457,31,
1458,4457,4684,31,
1459,4684,4457,31,
1460,4457,4723,31,
1461,4723,4457,31,
1462,2115,2241,33,
1463,5995,5947,31,
1464,5995,5939,31,
1465,5961,5995,31,
1466,5995,5961,31,
1467,6069,5995,31,
1468,5939,6008,31,
1469,5922,6008,31,
1470,6008,5922,31,
1471,6008,5939,31,
1472,5903,6008,31,
1473,6008,5903,31,
1474,1985,2030,33,
1475,5995,6062,31,
1476,2033,1985,33,
1477,2033,2385,33,
1478,6062,5995,31,
1479,2030,1985,33,
1480,2030,2385,33,
1481,5939,5992,31,
1482,5983,5939,31,
1483,5992,5939,31,
1484,2385,2030,33,
1485,5995,6069,31,
1486,6008,6069,31,
1487,5995,6069,36,
1488,5995,4527,31,
1489,4527,6069,31,
1490,2030,2033,33,
1491,2227,2182,33,
1492,2182,2227,33,
1493,2182,1756,36,
1494,2182,1756,33,
1495,1756,2182,33,
1496,5410,5428,31,
1497,5428,5410,31,
1498,8450,8547,31,
1499,8814,8702,31,
1500,8702,8814,36,
1501,8814,8702,36,
1502,8757,5187,31,
1503,5187,8757,31,
1504,8633,8686,31,
1505,8686,8633,31,
1506,8614,8623,31,
1507,8547,8623,31,
1508,8547,8686,31,
1509,8614,8547,31,
1510,8547,8614,31,
1511,8601,8547,31,
1512,8623,8547,31,
1513,8547,8601,31,
1514,8623,8450,31,
1515,8686,8623,31,
1516,8561,8457,31,
1517,8450,8561,31,
1518,8561,8457,36,
1519,8457,8561,31,
1520,8757,8702,31,
1521,8561,5090,36,
1522,5430,5410,31,
1523,5410,5430,31,
1524,8702,8757,31,
1525,8386,8376,31,
1526,8376,8386,31,
1527,1797,1785,31,
1528,1785,1797,31,
1529,2057,1785,31,
1530,1756,2142,31,
1531,5440,5090,31,
1532,5323,5319,31,
1533,5422,5319,31,
1534,5319,5422,31,
1535,5319,5323,31,
1536,5360,5360,31,
1537,5090,5232,31,
1538,5090,5155,31,
1539,5232,5090,31,
1540,5168,5090,31,
1541,5090,5168,31,
1542,5207,5232,31,
1543,5232,5207,31,
1544,5232,5187,31,
1545,5187,5232,31,
1546,5323,4878,31,
1547,4878,5323,31,
1548,5143,5302,31,
1549,5302,5143,31,
1550,5143,4878,31,
1551,4878,5143,31,
1552,5143,5090,31,
1553,5090,5903,31,
1554,5097,5903,31,
1555,5097,5903,36,
1556,5903,5090,31,
1557,5903,5097,31,
1558,5140,5090,31,
1559,5090,5140,31,
1560,5903,5939,31,
1561,5090,5939,31,
1562,5115,5090,31,
1563,5939,5097,31,
1564,5090,5115,31,
1565,5097,5115,31,
1566,5115,5097,31,
1567,5140,5124,31,
1568,5124,5140,31,
1569,5939,5903,31,
1570,8614,5356,31,
1571,5356,8614,31,
1572,928,8614,31,
1573,5356,4878,31,
1574,5319,4878,31,
1575,2795,2764,31,
1576,2764,2795,31,
1577,3211,2795,31,
1578,2795,3211,31,
1579,2795,3610,31,
1580,3610,2795,31,
1581,1834,2313,31,
1582,2313,1834,31,
1583,5091,7968,31,
1584,4458,7968,31,
1585,4458,5091,31,
1586,8548,7968,31,
1587,2559,2439,31,
1588,2435,2494,31,
1589,2610,2526,31,
1590,2494,2435,31,
1591,2439,2494,31,
1592,2494,2439,31,
1593,4458,8548,31,
1594,168,8171,36,
1595,168,8171,32,
1596,8171,168,36,
1597,8171,168,32,
1598,4458,8484,31,
1599,8259,8326,31,
1600,8326,8259,31,
1601,8386,8031,31,
1602,8031,8386,31,
1603,5091,4458,31,
1604,8484,4458,31,
1605,7968,4458,31,
1606,7968,5091,31,
1607,8548,4458,31,
1608,7968,8548,31,
1609,3201,3211,31,
1610,3239,2372,31,
1611,2372,3239,31,
1612,3236,3288,31,
1613,3288,3236,31,
1614,3155,3288,31,
1615,3288,3155,31,
1616,3155,3211,31,
1617,3211,3155,31,
1618,3079,3086,31,
1619,3086,3079,31,
1620,2671,3029,31,
1621,4284,4309,31,
1622,3821,3815,31,
1623,3949,3952,31,
1624,3952,3949,31,
1625,3908,3898,31,
1626,3898,3908,31,
1627,3893,3898,31,
1628,3908,3857,31,
1629,3857,3908,31,
1630,8821,1709,31,
1631,1875,7972,31,
1632,8454,1875,31,
1633,7077,1875,31,
1634,7077,1704,31,
1635,7972,1875,31,
1636,7128,1875,31,
1637,1875,4461,31,
1638,1704,3290,31,
1639,1875,3640,31,
1640,1704,3640,31,
1641,4461,1875,31,
1642,3640,1704,31,
1643,3640,1712,31,
1644,3290,1704,31,
1645,4461,1704,31,
1646,3640,6225,31,
1647,3640,7972,31,
1648,3640,7077,31,
1649,3640,7128,31,
1650,3070,7972,31,
1651,3290,8454,31,
1652,3290,7128,31,
1653,3290,7077,31,
1654,7077,3640,31,
1655,7128,3640,31,
1656,7972,3640,31,
1657,6225,3640,31,
1658,7972,3070,31,
1659,7077,3290,31,
1660,7128,3290,31,
1661,7972,3290,31,
1662,3290,1369,31,
1663,3452,1369,31,
1664,1369,3290,31,
1665,1369,3452,31,
1666,3640,1369,31,
1667,1369,3640,31,
1668,1369,3786,31,
1669,3786,1369,31,
1670,7128,1369,31,
1671,7077,1369,31,
1672,8148,464,31,
1673,7972,464,31,
1674,1369,8705,31,
1675,8705,1369,31,
1676,464,7972,31,
1677,1369,7077,31,
1678,1369,7128,31,
1679,3484,3523,36,
1680,3523,3484,36,
1681,4121,8815,36,
1682,8815,4121,36,
1683,8146,4121,31,
1684,8146,6218,31,
1685,4121,8146,31,
1686,4121,8356,31,
1687,8356,4121,31,
1688,8356,6218,31,
1689,6213,6336,31,
1690,6336,6213,31,
1691,7405,6217,31,
1692,6217,7405,31,
1693,6208,7405,31,
1694,7405,6208,31,
1695,8103,6212,31,
1696,8143,6212,31,
1697,6212,8103,31,
1698,6212,8143,31,
1699,6212,8148,31,
1700,8148,6212,31,
1701,6212,8387,31,
1702,6212,8032,31,
1703,8032,6212,31,
1704,8387,6212,31,
1705,8550,8616,31,
1706,5720,8550,31,
1707,8550,5720,31,
1708,8616,8550,31,
1709,1709,8821,31,
1710,6212,7874,31,
1711,7874,6212,31,
1712,6212,7650,31,
1713,7650,6212,31,
1714,5186,5231,36,
1715,5231,5186,36,
1716,6212,7646,31,
1717,6212,7813,31,
1718,7813,6212,31,
1719,6212,7767,31,
1720,7767,6212,31,
1721,7077,6212,31,
1722,7128,6212,31,
1723,6212,7077,31,
1724,6212,7128,31,
1725,6212,7247,31,
1726,7247,6212,31,
1727,961,6212,31,
1728,6212,961,31,
1729,6671,6212,31,
1730,6212,6860,31,
1731,6860,6212,31,
1732,2378,4456,31,
1733,4456,2378,31,
1734,3810,2645,31,
1735,3798,3810,31,
1736,2645,3810,31,
1737,3782,6552,31,
1738,2362,3782,31,
1739,3782,2362,31,
1740,6552,3782,31,
1741,3782,2364,31,
1742,3483,3287,31,
1743,3287,3483,31,
1744,3362,3287,31,
1745,7128,7972,31,
1746,7128,8148,31,
1747,7128,8103,31,
1748,1187,588,31,
1749,588,1187,31,
1750,461,588,31,
1751,588,461,31,
1752,912,686,31,
1753,686,912,31,
1754,686,7711,31,
1755,7128,5094,31,
1756,7711,686,31,
1757,893,686,31,
1758,686,893,31,
1759,916,686,31,
1760,686,916,31,
1761,134,1187,31,
1762,1187,134,31,
1763,8103,7128,31,
1764,8148,7128,31,
1765,5094,7128,31,
1766,6212,7773,31,
1767,6212,7560,31,
1768,6212,7547,31,
1769,2240,2244,31,
1770,7773,6212,31,
1771,2025,2244,31,
1772,7547,6212,31,
1773,7560,6212,31,
1774,2244,2240,31,
1775,2244,2025,31,
1776,4931,4894,31,
1777,4894,4931,31,
1778,4894,4906,31,
1779,5063,5595,31,
1780,1707,1704,31,
1781,5723,4885,31,
1782,4885,5723,31,
1783,2527,1707,31,
1784,2560,1707,31,
1785,1707,2527,31,
1786,1707,2560,31,
1787,4593,4581,31,
1788,1922,1707,31,
1789,8520,8483,31,
1790,8483,8520,31,
1791,1829,1707,31,
1792,1707,1829,31,
1793,1707,1922,31,
1794,5155,5207,31,
1795,5090,5386,31,
1796,5386,5090,31,
1797,5115,5903,31,
1798,1707,2440,31,
1799,3765,3637,31,
1800,3637,3765,31,
1801,3888,3637,31,
1802,3637,3888,31,
1803,2339,1707,31,
1804,1835,1707,31,
1805,2276,1707,31,
1806,1707,2339,31,
1807,1707,1835,31,
1808,1707,2276,31,
1809,1707,2314,31,
1810,2695,3289,31,
1811,3289,2695,31,
1812,2695,3441,31,
1813,3441,2695,31,
1814,2695,3451,31,
1815,3451,2695,31,
1816,2695,3639,31,
1817,3639,2695,31,
1818,2695,3785,31,
1819,3785,2695,31,
1820,4460,2695,31,
1821,2695,4460,31,
1822,4460,1921,31,
1823,1921,4460,31,
1824,2695,5093,31,
1825,5093,2695,31,
1826,2695,6071,31,
1827,2695,5998,31,
1828,6071,2695,31,
1829,5998,2695,31,
1830,326,1368,31,
1831,1368,326,31,
1832,7076,6211,31,
1833,7127,6211,31,
1834,6211,7076,31,
1835,6211,7127,31,
1836,6224,7127,31,
1837,7076,6224,31,
1838,1874,7076,31,
1839,1874,7127,31,
1840,7076,1874,31,
1841,7127,1874,31,
1842,7971,6211,31,
1843,6211,7971,31,
1844,1711,7971,31,
1845,7971,1711,31,
1846,1874,7971,31,
1847,7971,1921,31,
1848,7971,1874,31,
1849,6211,8147,31,
1850,8147,6211,31,
1851,6224,1874,31,
1852,1921,6224,31,
1853,1874,6224,31,
1854,6211,6224,31,
1855,6224,6211,31,
1856,8704,6211,31,
1857,8453,6211,31,
1858,6211,8704,31,
1859,6211,8453,31,
1860,1711,8102,31,
1861,8102,309,31,
1862,7971,309,31,
1863,3592,2696,31,
1864,1449,67,31,
1865,1370,67,31,
1866,67,1449,31,
1867,67,1370,31,
1868,83,73,31,
1869,1491,73,31,
1870,89,1491,31,
1871,73,83,31,
1872,73,1491,31,
1873,1491,83,31,
1874,57,1491,31,
1875,1491,57,31,
1876,4146,2696,31,
1877,2696,4146,31,
1878,1370,1401,31,
1879,1401,1370,31,
1880,1370,1618,31,
1881,1618,1370,31,
1882,1370,1382,31,
1883,1382,1370,31,
1884,1370,1191,31,
1885,1191,1370,31,
1886,1066,962,31,
1887,962,1066,31,
1888,1370,1452,31,
1889,1452,1370,31,
1890,1370,1491,31,
1891,1491,1370,31,
1892,1370,1449,31,
1893,1449,1370,31,
1894,1370,1434,31,
1895,1434,1370,31,
1896,1370,1570,31,
1897,1570,1370,31,
1898,1370,1667,31,
1899,1370,1319,31,
1900,1667,1370,31,
1901,1319,1370,31,
1902,1667,2433,31,
1903,1319,2433,31,
1904,2433,1667,31,
1905,2433,1319,31,
1906,954,1056,31,
1907,1056,954,31,
1908,954,1003,31,
1909,1003,954,31,
1910,1519,1370,31,
1911,1370,1519,31,
1912,954,1370,31,
1913,1370,954,31,
1914,962,954,31,
1915,954,962,31,
1916,1370,1543,31,
1917,1543,1370,31,
1918,1370,1549,31,
1919,1549,1370,31,
1920,1519,1543,31,
1921,1370,1596,31,
1922,1596,1370,31,
1923,1606,1370,31,
1924,1370,1606,31,
1925,1370,615,31,
1926,615,1370,31,
1927,615,1596,31,
1928,1370,611,31,
1929,611,1370,31,
1930,1401,1519,31,
1931,1519,1401,31,
1932,1618,1519,31,
1933,1519,1618,31,
1934,1519,1382,31,
1935,1382,1519,31,
1936,962,1370,31,
1937,1370,962,31,
1938,4054,4032,31,
1939,4032,4054,31,
1940,50,962,31,
1941,4032,1063,31,
1942,1063,4032,31,
1943,4032,1018,31,
1944,1018,4032,31,
1945,962,50,31,
1946,1063,4050,31,
1947,4050,1063,31,
1948,47,962,31,
1949,962,47,31,
1950,1062,1036,31,
1951,1036,1062,31,
1952,962,1036,31,
1953,1036,962,31,
1954,1036,1017,31,
1955,1017,1036,31,
1956,962,1062,31,
1957,1022,962,31,
1958,962,1017,31,
1959,1017,962,31,
1960,1062,962,31,
1961,1029,962,31,
1962,962,1029,31,
1963,1452,1472,31,
1964,1472,1370,31,
1965,1370,1472,31,
1966,1472,1452,31,
1967,4287,2696,31,
1968,1336,465,31,
1969,1256,465,31,
1970,465,1336,31,
1971,465,1256,31,
1972,465,1344,31,
1973,1344,465,31,
1974,465,918,31,
1975,918,465,31,
1976,1336,1126,31,
1977,1126,1336,31,
1978,1256,1135,31,
1979,1135,1256,31,
1980,1191,1256,31,
1981,1256,1191,31,
1982,1256,918,31,
1983,1191,918,31,
1984,1135,918,31,
1985,918,1191,31,
1986,918,1256,31,
1987,918,1135,31,
1988,510,896,31,
1989,896,510,31,
1990,510,891,31,
1991,510,914,31,
1992,896,465,31,
1993,891,510,31,
1994,465,896,31,
1995,465,510,31,
1996,465,716,31,
1997,510,738,31,
1998,510,716,31,
1999,738,465,31,
2000,738,510,31,
2001,716,465,31,
2002,716,510,31,
2003,465,878,31,
2004,465,738,31,
2005,1191,738,31,
2006,896,1191,31,
2007,738,1191,31,
2008,476,510,31,
2009,510,476,31,
2010,615,611,31,
2011,611,615,31,
2012,611,1191,31,
2013,611,465,31,
2014,1191,611,31,
2015,670,1191,31,
2016,615,465,31,
2017,465,615,31,
2018,510,465,31,
2019,510,615,31,
2020,615,510,31,
2021,1191,1618,31,
2022,1618,1191,31,
2023,1221,1191,31,
2024,1191,1221,31,
2025,1319,1191,31,
2026,1191,1319,31,
2027,1370,465,31,
2028,465,1370,31,
2029,1370,510,31,
2030,510,1370,31,
2031,510,1191,31,
2032,465,914,31,
2033,914,465,31,
2034,891,896,31,
2035,896,891,31,
2036,891,465,31,
2037,465,891,31,
2038,1191,896,31,
2039,465,611,31,
2040,670,465,31,
2041,611,670,31,
2042,465,670,31,
2043,670,611,31,
2044,3786,2696,31,
2045,2696,3786,31,
2046,465,559,31,
2047,559,465,31,
2048,523,465,31,
2049,465,476,31,
2050,465,523,31,
2051,476,465,31,
2052,465,595,31,
2053,465,6672,31,
2054,476,6672,31,
2055,595,465,31,
2056,6672,465,31,
2057,6672,476,31,
2058,646,328,31,
2059,328,402,31,
2060,380,646,31,
2061,328,646,31,
2062,328,595,31,
2063,465,1191,31,
2064,1191,465,31,
2065,1191,1126,31,
2066,1126,1191,31,
2067,1126,465,31,
2068,1344,785,31,
2069,1336,785,31,
2070,785,1344,31,
2071,785,1336,31,
2072,830,785,31,
2073,1126,785,31,
2074,785,830,31,
2075,785,1126,31,
2076,335,716,31,
2077,809,785,31,
2078,785,809,31,
2079,328,738,31,
2080,328,878,31,
2081,328,335,31,
2082,738,328,31,
2083,878,328,31,
2084,335,328,31,
2085,328,888,31,
2086,888,328,31,
2087,896,328,31,
2088,328,896,31,
2089,328,1370,31,
2090,1370,328,31,
2091,896,1370,31,
2092,1370,896,31,
2093,716,730,31,
2094,730,716,31,
2095,716,2031,31,
2096,2031,716,31,
2097,380,328,31,
2098,402,328,31,
2099,328,380,31,
2100,595,380,31,
2101,595,328,31,
2102,380,595,31,
2103,380,583,31,
2104,583,380,31,
2105,1101,328,31,
2106,1066,328,31,
2107,962,328,31,
2108,962,380,31,
2109,328,962,31,
2110,328,1101,31,
2111,328,1066,31,
2112,1066,380,31,
2113,380,962,31,
2114,595,6672,31,
2115,583,328,31,
2116,328,583,31,
2117,380,6672,31,
2118,328,6672,31,
2119,6672,380,31,
2120,6672,595,31,
2121,6672,328,31,
2122,878,716,31,
2123,716,878,31,
2124,888,716,31,
2125,716,888,31,
2126,716,781,31,
2127,781,716,31,
2128,785,781,31,
2129,716,785,31,
2130,716,830,31,
2131,830,781,31,
2132,781,785,31,
2133,781,830,31,
2134,785,716,31,
2135,830,716,31,
2136,6672,716,31,
2137,595,716,31,
2138,583,716,31,
2139,888,595,31,
2140,716,595,31,
2141,878,583,31,
2142,716,583,31,
2143,583,878,31,
2144,878,888,31,
2145,716,6672,31,
2146,595,888,31,
2147,716,738,31,
2148,738,716,31,
2149,328,380,36,
2150,2528,1876,31,
2151,1876,2528,31,
2152,2631,2528,31,
2153,2528,2631,31,
2154,1999,2528,31,
2155,1975,2528,31,
2156,2528,1975,31,
2157,1975,1999,31,
2158,1999,1975,31,
2159,2528,1999,31,
2160,1986,2528,31,
2161,1999,1986,31,
2162,1986,1999,31,
2163,1972,2045,31,
2164,2045,1999,31,
2165,1999,2058,31,
2166,2058,1999,31,
2167,1999,2027,31,
2168,2027,2045,31,
2169,2027,1999,31,
2170,2045,2027,31,
2171,1972,1876,31,
2172,1876,1972,31,
2173,1975,1876,31,
2174,1876,1999,31,
2175,1972,1999,31,
2176,1986,1876,31,
2177,1876,1986,31,
2178,785,1876,31,
2179,1876,785,31,
2180,2565,1876,31,
2181,1876,2565,31,
2182,2281,2441,31,
2183,2495,2281,31,
2184,2441,2495,31,
2185,2441,2281,31,
2186,2281,2495,31,
2187,2495,2441,31,
2188,2437,1876,31,
2189,2315,2277,31,
2190,2315,2340,31,
2191,2315,2281,31,
2192,2277,2315,31,
2193,2281,2315,31,
2194,2495,1876,31,
2195,2437,2495,31,
2196,2495,2565,31,
2197,1876,2495,31,
2198,2281,2437,31,
2199,2437,2281,31,
2200,1876,2242,31,
2201,1876,2561,31,
2202,2561,2631,31,
2203,2631,2561,31,
2204,2528,2561,31,
2205,2561,2528,31,
2206,2561,2565,31,
2207,2565,2561,31,
2208,2561,2441,31,
2209,2441,2561,31,
2210,2631,2027,31,
2211,1876,2027,31,
2212,1876,2045,31,
2213,2027,1876,31,
2214,2027,2561,31,
2215,2045,1876,31,
2216,2631,1876,31,
2217,2561,2027,31,
2218,2242,1876,31,
2219,1876,2315,31,
2220,1876,1923,31,
2221,1923,1876,31,
2222,1902,1876,31,
2223,1876,1902,31,
2224,1876,2631,31,
2225,1876,1830,31,
2226,2315,1876,31,
2227,2340,1705,31,
2228,2441,1836,31,
2229,2441,1705,31,
2230,1705,1836,31,
2231,2277,1705,31,
2232,1836,1705,31,
2233,1705,2340,31,
2234,1705,2277,31,
2235,1830,1705,31,
2236,1705,1830,31,
2237,1830,2242,31,
2238,2242,1705,31,
2239,2315,1830,31,
2240,1830,2315,31,
2241,1830,1902,31,
2242,1902,1830,31,
2243,1863,1876,31,
2244,1876,1863,31,
2245,1902,2441,31,
2246,2441,1902,31,
2247,2441,1830,31,
2248,1830,2441,31,
2249,2437,2441,31,
2250,2441,2437,31,
2251,2315,1902,31,
2252,1902,2315,31,
2253,2315,2441,31,
2254,2441,2315,31,
2255,2242,2031,33,
2256,1999,1830,31,
2257,1830,1999,31,
2258,1830,1975,31,
2259,1986,1830,31,
2260,1830,1986,31,
2261,1975,1830,31,
2262,2031,2242,33,
2263,4552,2696,31,
2264,2696,4552,31,
2265,4552,2699,31,
2266,1708,2183,31,
2267,2183,1708,31,
2268,2183,1757,33,
2269,2228,1757,33,
2270,2228,2334,33,
2271,2334,2183,33,
2272,2183,2334,33,
2273,2228,2183,33,
2274,2183,2228,33,
2275,2334,2228,33,
2276,2334,1708,31,
2277,1708,2334,31,
2278,1708,1757,31,
2279,1757,1708,31,
2280,1757,2183,33,
2281,1757,2228,33,
2282,1786,1757,31,
2283,1757,1786,31,
2284,2027,1757,31,
2285,1708,2058,31,
2286,2326,2242,33,
2287,2242,2326,33,
2288,2116,2326,33,
2289,2326,2116,33,
2290,2242,1786,33,
2291,1786,2242,33,
2292,2696,4604,31,
2293,1757,2242,31,
2294,1708,2138,31,
2295,2242,1757,31,
2296,2138,1708,31,
2297,2058,2242,33,
2298,2031,2058,33,
2299,2242,2058,33,
2300,2058,2031,33,
2301,1757,2242,33,
2302,2242,1757,33,
2303,4604,2696,31,
2304,2340,2242,31,
2305,2242,2441,33,
2306,2242,2116,33,
2307,2116,2242,33,
2308,1876,3031,31,
2309,3031,1876,31,
2310,3031,2242,31,
2311,2242,3031,31,
2312,3031,3063,31,
2313,3063,3031,31,
2314,2242,2228,33,
2315,2228,2242,33,
2316,2242,2027,33,
2317,2027,2242,33,
2318,1786,2027,31,
2319,2058,1786,31,
2320,2058,2027,31,
2321,2031,1708,31,
2322,1723,2031,31,
2323,1723,1708,31,
2324,1708,1723,31,
2325,1708,2031,31,
2326,2031,1723,31,
2327,1714,2031,31,
2328,2031,1714,31,
2329,4687,2696,31,
2330,3104,2672,31,
2331,5094,2699,31,
2332,3087,3071,31,
2333,3071,3087,31,
2334,3087,3080,31,
2335,3080,3087,31,
2336,3071,3031,31,
2337,3031,3071,31,
2338,3084,3033,31,
2339,3033,3084,31,
2340,3084,3031,31,
2341,3031,3084,31,
2342,2672,2679,31,
2343,2679,2672,31,
2344,3180,2672,31,
2345,3180,2679,31,
2346,2679,3180,31,
2347,2672,3180,31,
2348,2679,2664,31,
2349,2664,2679,31,
2350,2682,2664,31,
2351,2696,4687,31,
2352,3156,3031,31,
2353,3156,3033,31,
2354,3031,3156,31,
2355,3033,3156,31,
2356,3215,3156,31,
2357,3156,3215,31,
2358,3156,2679,31,
2359,2679,3156,31,
2360,2679,3176,31,
2361,3176,2679,31,
2362,3176,3156,31,
2363,3156,3176,31,
2364,3188,3176,31,
2365,3176,3188,31,
2366,3196,3188,31,
2367,3188,3196,31,
2368,3223,3156,31,
2369,3156,3223,31,
2370,3220,3156,31,
2371,3156,3220,31,
2372,3156,3586,31,
2373,3156,3291,31,
2374,3237,3291,31,
2375,3291,3156,31,
2376,3291,3237,31,
2377,3586,3156,31,
2378,5999,2696,31,
2379,6072,2699,31,
2380,3608,3237,31,
2381,3237,3608,31,
2382,3237,3156,31,
2383,3156,3237,31,
2384,2696,5999,31,
2385,3709,3291,31,
2386,3291,3709,31,
2387,3291,3338,31,
2388,3338,3291,31,
2389,3603,3586,31,
2390,3586,3603,31,
2391,3365,3603,31,
2392,3603,3365,31,
2393,3603,3291,31,
2394,3291,3603,31,
2395,3576,3291,31,
2396,3291,3576,31,
2397,3593,3291,31,
2398,3291,3593,31,
2399,3401,3392,31,
2400,3392,3401,31,
2401,3398,3401,31,
2402,3401,3398,31,
2403,3401,3365,31,
2404,3365,3401,31,
2405,3365,3392,31,
2406,3443,3453,31,
2407,3453,3443,31,
2408,3465,3443,31,
2409,3443,3465,31,
2410,3347,3291,31,
2411,3291,3347,31,
2412,3415,3407,31,
2413,3398,3415,31,
2414,3437,3398,31,
2415,3398,3437,31,
2416,3307,3291,31,
2417,3291,3307,31,
2418,3365,3291,31,
2419,3291,3365,31,
2420,8843,1971,31,
2421,1971,8843,31,
2422,3443,3479,31,
2423,3479,3443,31,
2424,3401,3443,31,
2425,3443,3401,31,
2426,8848,1873,31,
2427,3443,3291,31,
2428,3291,3443,31,
2429,1873,8848,31,
2430,3365,3443,31,
2431,5906,2696,31,
2432,5925,2696,31,
2433,3319,3291,31,
2434,3291,3319,31,
2435,3528,3291,31,
2436,3291,3528,31,
2437,3291,3328,31,
2438,3328,3291,31,
2439,3487,3528,31,
2440,3487,3328,31,
2441,3487,3453,31,
2442,3453,3487,31,
2443,3453,3291,31,
2444,3291,3453,31,
2445,3291,3521,31,
2446,3521,3291,31,
2447,3453,3528,31,
2448,3528,3453,31,
2449,3453,3328,31,
2450,4147,2798,31,
2451,2798,4147,31,
2452,2798,2863,31,
2453,2863,2798,31,
2454,2696,5906,31,
2455,2696,5925,31,
2456,2798,3212,31,
2457,3212,2798,31,
2458,4147,3212,31,
2459,3156,2863,31,
2460,3212,4147,31,
2461,2863,3212,31,
2462,3212,2863,31,
2463,2798,3641,31,
2464,3641,2798,31,
2465,2849,2798,31,
2466,2798,2849,31,
2467,2798,3734,31,
2468,3734,2798,31,
2469,3749,2798,31,
2470,2798,3749,31,
2471,3749,3641,31,
2472,3641,3749,31,
2473,3613,2798,31,
2474,2798,3613,31,
2475,3613,3291,31,
2476,3291,3613,31,
2477,3291,2798,31,
2478,2798,3291,31,
2479,3641,3291,31,
2480,3641,3613,31,
2481,3291,3641,31,
2482,3613,3641,31,
2483,3716,3641,31,
2484,3641,3716,31,
2485,3734,3641,31,
2486,3641,3734,31,
2487,3328,3641,31,
2488,3641,3328,31,
2489,3453,3641,31,
2490,3641,3453,31,
2491,3328,3453,31,
2492,3443,3641,31,
2493,3641,3443,31,
2494,3641,3492,31,
2495,3641,3487,31,
2496,3443,3328,31,
2497,3742,3641,31,
2498,3641,3742,31,
2499,3912,3641,31,
2500,3766,3912,31,
2501,3860,3641,31,
2502,3641,3860,31,
2503,3641,3883,31,
2504,3883,3641,31,
2505,3716,3661,31,
2506,3742,3661,31,
2507,7728,3716,31,
2508,7728,3742,31,
2509,7728,3641,31,
2510,3749,3912,31,
2511,3912,3749,31,
2512,3860,3876,31,
2513,3876,3860,31,
2514,3883,3912,31,
2515,3912,3883,31,
2516,3889,3641,31,
2517,3641,3889,31,
2518,3668,3641,31,
2519,3641,3668,31,
2520,3678,3641,31,
2521,3641,3678,31,
2522,3766,3749,31,
2523,3749,3766,31,
2524,3661,3641,31,
2525,3641,7728,31,
2526,3641,3661,31,
2527,3642,3703,34,
2528,3703,3642,34,
2529,3703,4761,34,
2530,3642,4761,34,
2531,4761,3642,34,
2532,3766,3641,31,
2533,3641,3766,31,
2534,3695,3641,34,
2535,3641,3695,34,
2536,3641,3787,31,
2537,3787,3641,31,
2538,4059,3641,31,
2539,3641,4059,31,
2540,3641,4147,31,
2541,4147,3734,31,
2542,4059,3734,31,
2543,3734,4147,31,
2544,3734,4059,31,
2545,4147,3641,31,
2546,8149,8247,32,
2547,8149,169,32,
2548,8178,8247,32,
2549,169,8247,32,
2550,169,8234,32,
2551,8229,169,32,
2552,8229,8149,32,
2553,8234,169,32,
2554,8247,169,32,
2555,8247,8149,32,
2556,2696,3442,31,
2557,3641,3912,31,
2558,4147,3749,31,
2559,4218,4157,36,
2560,4218,4147,36,
2561,3749,4147,31,
2562,4147,3912,31,
2563,3912,4147,31,
2564,3894,4147,31,
2565,8149,8234,32,
2566,3899,4147,31,
2567,4147,3899,31,
2568,3749,3894,31,
2569,3894,3749,31,
2570,3442,2696,31,
2571,4147,4059,31,
2572,4147,4065,31,
2573,4059,4147,31,
2574,4065,4147,31,
2575,4059,4218,31,
2576,4218,4059,31,
2577,4147,4218,31,
2578,4218,4147,31,
2579,8243,169,32,
2580,4218,4065,31,
2581,4195,4147,31,
2582,4147,4195,31,
2583,8234,8247,32,
2584,169,8149,32,
2585,4175,4147,31,
2586,4147,4175,31,
2587,4059,4123,31,
2588,4059,6220,31,
2589,4123,4065,31,
2590,6220,4059,31,
2591,4065,4123,31,
2592,4147,4123,31,
2593,4123,4147,31,
2594,4147,6220,31,
2595,6220,4147,31,
2596,4218,4123,31,
2597,4123,4157,31,
2598,4268,4123,31,
2599,4123,4118,31,
2600,4118,4123,31,
2601,4118,6220,31,
2602,6220,4268,31,
2603,4123,4268,31,
2604,4268,6220,31,
2605,4118,2733,31,
2606,2733,4118,31,
2607,4268,4147,31,
2608,2733,4147,31,
2609,4147,4118,31,
2610,4118,4147,31,
2611,4147,4268,31,
2612,4147,2733,31,
2613,4258,4147,31,
2614,4147,4258,31,
2615,4147,4282,31,
2616,4282,4147,31,
2617,8234,8172,32,
2618,8247,8172,32,
2619,8172,169,32,
2620,8247,8178,32,
2621,4147,4357,31,
2622,4147,4395,31,
2623,4395,4147,31,
2624,4357,4147,31,
2625,4147,6336,31,
2626,6336,4147,31,
2627,8247,8234,32,
2628,4147,4291,31,
2629,169,8178,32,
2630,3894,3912,31,
2631,3912,3894,31,
2632,4417,5596,31,
2633,5596,4357,31,
2634,4357,5596,31,
2635,5596,4395,31,
2636,4395,5596,31,
2637,5628,4395,31,
2638,4417,4395,31,
2639,5596,4417,31,
2640,4445,4360,31,
2641,4360,4096,31,
2642,4096,4360,31,
2643,4360,4398,31,
2644,4398,4360,31,
2645,4398,4387,31,
2646,4387,4398,31,
2647,4398,4096,31,
2648,4360,4445,31,
2649,4096,4445,31,
2650,4096,4398,31,
2651,4059,4357,31,
2652,4357,4065,31,
2653,4357,4059,31,
2654,4065,4357,31,
2655,4059,6336,31,
2656,6336,4065,31,
2657,6336,4357,31,
2658,5059,4059,31,
2659,4059,5039,31,
2660,4357,5039,31,
2661,5039,4059,31,
2662,4065,4767,31,
2663,4059,4767,31,
2664,4059,5059,31,
2665,4767,4059,31,
2666,5059,4065,31,
2667,4357,5059,31,
2668,4767,4357,31,
2669,4357,4767,31,
2670,4767,4065,31,
2671,4357,4395,31,
2672,4395,4357,31,
2673,4395,6336,31,
2674,6336,4395,31,
2675,2783,2733,31,
2676,2733,2778,31,
2677,2778,2733,31,
2678,2733,2783,31,
2679,2733,4114,31,
2680,4114,2733,31,
2681,2733,2697,31,
2682,2697,2733,31,
2683,2765,2697,31,
2684,2697,2765,31,
2685,2765,2733,31,
2686,2733,2765,31,
2687,2710,2765,31,
2688,2798,2697,31,
2689,2697,2798,31,
2690,2710,2798,31,
2691,2733,2798,31,
2692,2798,2710,31,
2693,2798,2733,31,
2694,2733,3749,31,
2695,2798,2765,31,
2696,2765,2798,31,
2697,4147,4288,31,
2698,4288,4147,31,
2699,4301,4147,31,
2700,4311,4288,31,
2701,4288,4311,31,
2702,4147,4301,31,
2703,4605,4311,31,
2704,4311,4605,31,
2705,4605,4288,31,
2706,4288,4605,31,
2707,3787,4288,31,
2708,3824,4288,31,
2709,4288,3787,31,
2710,3824,3787,31,
2711,3787,3824,31,
2712,4147,3894,31,
2713,3860,4147,31,
2714,4147,3860,31,
2715,1370,109,31,
2716,109,1370,31,
2717,1126,101,31,
2718,1191,101,31,
2719,101,1191,31,
2720,3801,3142,31,
2721,3142,3801,31,
2722,3801,3787,31,
2723,3787,3142,31,
2724,4462,3929,31,
2725,3929,4462,31,
2726,3991,3929,31,
2727,3929,3991,31,
2728,3991,4462,31,
2729,4462,3991,31,
2730,3824,3929,31,
2731,3929,3824,31,
2732,3991,3824,31,
2733,3824,3991,31,
2734,3929,4605,31,
2735,3991,4605,31,
2736,4605,3991,31,
2737,4605,3929,31,
2738,3991,3982,31,
2739,4605,3142,31,
2740,3142,4605,31,
2741,3142,3929,31,
2742,3929,3142,31,
2743,3929,3787,31,
2744,3787,3929,31,
2745,4462,3787,31,
2746,3787,4462,31,
2747,3142,4462,31,
2748,4462,3142,31,
2749,4462,4605,31,
2750,4605,4462,31,
2751,4664,4605,31,
2752,4605,4664,31,
2753,4462,4624,31,
2754,4624,4462,31,
2755,2696,3364,31,
2756,3953,4462,31,
2757,4462,3953,31,
2758,4462,4932,31,
2759,4462,4880,31,
2760,4880,4462,31,
2761,4932,4462,31,
2762,4462,4973,31,
2763,4973,4462,31,
2764,4880,4664,31,
2765,4664,4880,31,
2766,4664,4973,31,
2767,4973,4664,31,
2768,4973,4932,31,
2769,4932,4973,31,
2770,4880,4973,31,
2771,4973,4880,31,
2772,4973,4886,31,
2773,4886,4973,31,
2774,4907,4973,31,
2775,4996,4973,31,
2776,4996,5001,31,
2777,4973,4996,31,
2778,4664,5001,31,
2779,5001,4973,31,
2780,4973,5001,31,
2781,5001,4996,31,
2782,136,1336,31,
2783,1336,136,31,
2784,136,152,31,
2785,152,136,31,
2786,4767,4462,31,
2787,4462,4767,31,
2788,4767,4973,31,
2789,4973,4767,31,
2790,4767,4664,31,
2791,4664,4767,31,
2792,4651,4462,31,
2793,4462,4651,31,
2794,4651,5027,31,
2795,4462,5027,31,
2796,5027,4462,31,
2797,5027,4651,31,
2798,4688,4716,31,
2799,4688,4973,31,
2800,5018,4688,31,
2801,4973,4688,31,
2802,4716,4973,31,
2803,4688,5018,31,
2804,4716,4688,31,
2805,5027,4973,31,
2806,4973,5027,31,
2807,5018,4973,31,
2808,4973,5018,31,
2809,4880,4932,31,
2810,4932,4880,31,
2811,4468,4505,31,
2812,4505,4468,31,
2813,4468,4462,31,
2814,4462,4468,31,
2815,4477,4505,31,
2816,4462,4480,31,
2817,4480,4505,31,
2818,4462,4486,31,
2819,4480,4462,31,
2820,4462,4488,31,
2821,4486,4462,31,
2822,4462,4477,31,
2823,4488,4462,31,
2824,4477,4462,31,
2825,4553,4624,31,
2826,4624,4553,31,
2827,4664,4553,31,
2828,4553,4664,31,
2829,4624,4530,31,
2830,4530,4664,31,
2831,4530,4624,31,
2832,4664,4462,31,
2833,4553,4462,31,
2834,4462,4553,31,
2835,6073,4462,31,
2836,6000,4462,31,
2837,6000,6012,31,
2838,6073,6012,31,
2839,4462,6073,31,
2840,4462,6000,31,
2841,6012,6073,31,
2842,6012,6000,31,
2843,5910,4462,31,
2844,4462,5910,31,
2845,5910,6006,31,
2846,6006,5910,31,
2847,4582,4462,31,
2848,4462,4582,31,
2849,4582,4688,31,
2850,4462,4688,31,
2851,4688,4462,31,
2852,4688,4582,31,
2853,4725,4582,31,
2854,4725,4462,31,
2855,4582,4725,31,
2856,4462,4725,31,
2857,4725,4688,31,
2858,4688,4725,31,
2859,5943,6000,31,
2860,6000,5943,31,
2861,5907,6000,31,
2862,5926,6000,31,
2863,5943,6073,31,
2864,6000,6073,31,
2865,6073,6000,31,
2866,6073,5943,31,
2867,6073,5907,31,
2868,4462,5907,31,
2869,4462,5926,31,
2870,4462,5943,31,
2871,5907,4462,31,
2872,5926,4462,31,
2873,5943,4462,31,
2874,5943,6012,31,
2875,5926,6012,31,
2876,5907,6012,31,
2877,6012,5943,31,
2878,6012,5907,31,
2879,6000,6063,31,
2880,6063,6000,31,
2881,6000,6051,31,
2882,6051,6000,31,
2883,5943,6246,31,
2884,5984,5943,31,
2885,5943,5993,31,
2886,5993,5943,31,
2887,5943,5984,31,
2888,6246,5943,31,
2889,3364,2696,31,
2890,4344,4288,31,
2891,4767,4288,31,
2892,4288,4344,31,
2893,4288,4767,31,
2894,4847,4767,31,
2895,4767,4847,31,
2896,4864,4767,31,
2897,4767,4861,31,
2898,4861,4767,31,
2899,4767,4864,31,
2900,4767,4876,31,
2901,4876,4767,31,
2902,4880,4953,31,
2903,4953,4880,31,
2904,4886,4880,31,
2905,4907,4880,31,
2906,4880,4886,31,
2907,4880,4907,31,
2908,4932,4886,31,
2909,4886,4932,31,
2910,4767,4886,31,
2911,4767,4907,31,
2912,4886,4767,31,
2913,4907,4767,31,
2914,4767,4790,31,
2915,4790,4767,31,
2916,4767,5596,31,
2917,5064,5596,31,
2918,5596,4767,31,
2919,5064,4767,31,
2920,4767,5064,31,
2921,3400,2696,31,
2922,4767,4827,31,
2923,4827,4767,31,
2924,4767,5039,31,
2925,5039,4767,31,
2926,2696,3400,31,
2927,4767,4880,31,
2928,4880,4767,31,
2929,8,8706,31,
2930,8816,8455,31,
2931,8,8566,31,
2932,8566,8455,31,
2933,8,8455,31,
2934,8488,8,31,
2935,8566,8,31,
2936,8,5095,31,
2937,8816,5095,31,
2938,5095,8816,31,
2939,5095,8,31,
2940,5095,8566,31,
2941,8706,8,31,
2942,8388,8,31,
2943,8388,8462,31,
2944,8388,8816,31,
2945,8,8388,31,
2946,8,8488,31,
2947,5095,5358,31,
2948,5358,5095,31,
2949,5095,5464,31,
2950,5441,5358,31,
2951,5095,5388,31,
2952,5464,5095,31,
2953,5388,5095,31,
2954,3187,6248,31,
2955,6248,3187,31,
2956,5358,5441,31,
2957,5464,5441,31,
2958,5358,4880,31,
2959,5358,5325,31,
2960,5325,4880,31,
2961,4880,5358,31,
2962,5325,5358,31,
2963,4880,5325,31,
2964,5325,5689,31,
2965,5689,5321,31,
2966,5263,5095,31,
2967,5095,5263,31,
2968,5263,3217,31,
2969,5095,5269,31,
2970,3217,5263,31,
2971,5269,5095,31,
2972,5095,5182,31,
2973,3217,5269,31,
2974,5182,5095,31,
2975,6587,3162,31,
2976,5182,3217,31,
2977,3217,5182,31,
2978,3162,6587,31,
2979,5433,5095,31,
2980,5095,5433,31,
2981,3491,2696,31,
2982,3222,3225,31,
2983,3236,3225,31,
2984,3225,3222,31,
2985,2696,3491,31,
2986,3225,3236,31,
2987,5321,5095,31,
2988,5095,5321,31,
2989,5095,5423,31,
2990,5095,5325,31,
2991,5689,5325,31,
2992,5423,5095,31,
2993,5689,5095,31,
2994,5095,5689,31,
2995,5325,5095,31,
2996,5095,7406,31,
2997,7406,5095,31,
2998,7406,7454,31,
2999,7406,5689,31,
3000,5689,7406,31,
3001,5234,5095,31,
3002,5095,5234,31,
3003,5095,5157,31,
3004,5234,5170,31,
3005,3607,2372,31,
3006,2372,3607,31,
3007,5209,5095,31,
3008,5095,5209,31,
3009,5170,5209,31,
3010,5209,5234,31,
3011,5234,5209,31,
3012,5209,5170,31,
3013,5189,5170,31,
3014,5189,5234,31,
3015,5189,5095,31,
3016,5095,5189,31,
3017,5234,5189,31,
3018,5170,5234,31,
3019,5170,5189,31,
3020,1320,110,31,
3021,110,1320,31,
3022,5095,5305,31,
3023,5148,5305,31,
3024,5305,5148,31,
3025,5305,5095,31,
3026,5095,5148,31,
3027,5148,5095,31,
3028,5148,4880,31,
3029,4880,5095,31,
3030,5095,4880,31,
3031,4880,5148,31,
3032,4880,5305,31,
3033,5095,4688,31,
3034,5148,4688,31,
3035,4688,5148,31,
3036,4688,5095,31,
3037,5095,5461,31,
3038,5095,5441,31,
3039,5441,5461,31,
3040,5461,5095,31,
3041,5441,5095,31,
3042,5095,5451,31,
3043,5451,5095,31,
3044,5098,5095,31,
3045,5095,5098,31,
3046,5116,5095,31,
3047,5095,5116,31,
3048,5116,5098,31,
3049,5907,5095,31,
3050,5095,5126,31,
3051,5095,5907,31,
3052,5126,5095,31,
3053,5943,5095,31,
3054,5095,5943,31,
3055,5943,5907,31,
3056,5907,5943,31,
3057,5907,5926,36,
3058,5141,5095,31,
3059,5095,5141,31,
3060,5141,5126,31,
3061,5126,5141,31,
3062,5628,5596,31,
3063,5596,5628,31,
3064,7406,7398,31,
3065,7406,5596,31,
3066,7398,7406,31,
3067,5596,7406,31,
3068,5631,7406,31,
3069,7406,5631,31,
3070,7488,7406,31,
3071,7406,7488,31,
3072,7406,7479,31,
3073,7479,7406,31,
3074,6381,7406,31,
3075,7391,7406,31,
3076,7406,6336,31,
3077,6336,7406,31,
3078,7406,6381,31,
3079,7406,7391,31,
3080,7406,7414,31,
3081,7436,7406,31,
3082,7406,7436,31,
3083,7457,7406,31,
3084,7443,7406,31,
3085,7406,7457,31,
3086,7497,7406,31,
3087,7406,7497,31,
3088,7406,7443,31,
3089,5689,5721,31,
3090,7463,7406,31,
3091,5689,4880,31,
3092,5721,4880,31,
3093,4880,5689,31,
3094,8506,8488,31,
3095,8488,8506,31,
3096,8488,7406,31,
3097,7406,7463,31,
3098,7406,8488,31,
3099,7406,7473,31,
3100,7473,7406,31,
3101,40,36,31,
3102,7436,6336,31,
3103,6381,7436,31,
3104,7436,6381,31,
3105,36,40,31,
3106,1370,40,31,
3107,40,1370,31,
3108,7443,6381,31,
3109,7443,7414,31,
3110,7414,7436,31,
3111,7391,7443,31,
3112,7391,7436,31,
3113,7443,7398,31,
3114,7398,7436,31,
3115,7457,7398,31,
3116,6381,7457,31,
3117,6381,7443,31,
3118,1370,36,31,
3119,36,1370,31,
3120,7406,6277,31,
3121,6381,6277,31,
3122,6277,7406,31,
3123,6277,6381,31,
3124,7406,7078,31,
3125,7312,7078,31,
3126,7406,6958,31,
3127,7406,7129,31,
3128,7078,7406,31,
3129,7078,7312,31,
3130,6958,7406,31,
3131,8816,8566,31,
3132,8706,8566,31,
3133,8566,8464,31,
3134,8566,8706,31,
3135,8566,8816,31,
3136,8455,8566,31,
3137,8464,8566,31,
3138,8706,8816,31,
3139,8816,8706,31,
3140,5095,8488,31,
3141,5433,8488,31,
3142,8488,5095,31,
3143,8566,5095,31,
3144,8488,8462,31,
3145,8706,5095,31,
3146,5095,8706,31,
3147,8455,8388,31,
3148,8388,8455,31,
3149,8462,8388,31,
3150,8566,8388,31,
3151,8462,8488,31,
3152,8488,8388,31,
3153,8488,8455,31,
3154,8455,8464,31,
3155,8455,8488,31,
3156,8462,8455,31,
3157,8462,8464,31,
3158,8464,8462,31,
3159,8455,8462,31,
3160,8464,8455,31,
3161,8488,8566,31,
3162,8388,8566,31,
3163,8816,8488,31,
3164,8388,8706,31,
3165,8816,8388,31,
3166,8706,8388,31,
3167,8566,8488,31,
3168,8706,8488,31,
3169,8388,8488,31,
3170,8488,8553,31,
3171,8388,8553,31,
3172,8553,7973,31,
3173,8455,7973,31,
3174,8553,8488,31,
3175,8462,7973,31,
3176,8566,7973,31,
3177,7973,8566,31,
3178,7973,8455,31,
3179,7973,8462,31,
3180,8033,8566,31,
3181,8488,8706,31,
3182,8388,8377,31,
3183,8377,8388,31,
3184,8377,8488,31,
3185,8488,8377,31,
3186,8488,8510,31,
3187,8488,8521,31,
3188,8521,8488,31,
3189,8510,8488,31,
3190,8488,7473,31,
3191,7473,8488,31,
3192,8521,8510,31,
3193,8545,8488,31,
3194,8488,8545,31,
3195,8488,8535,31,
3196,8535,8488,31,
3197,8706,8758,31,
3198,8758,8706,31,
3199,8743,8758,31,
3200,8758,8743,31,
3201,5411,5433,31,
3202,5433,5411,31,
3203,8687,8488,31,
3204,8488,8687,31,
3205,8488,8636,31,
3206,8553,8604,31,
3207,8604,8553,31,
3208,8636,8506,31,
3209,8687,8506,31,
3210,8553,8626,31,
3211,8617,8553,31,
3212,8626,8553,31,
3213,8553,8617,31,
3214,8455,8553,31,
3215,8455,8626,31,
3216,8506,8636,31,
3217,8636,8687,31,
3218,8687,8636,31,
3219,7973,8033,31,
3220,8033,7973,31,
3221,8388,8426,31,
3222,8388,2349,31,
3223,2349,8388,31,
3224,2349,8426,31,
3225,8426,2349,31,
3226,8426,8388,31,
3227,7973,8388,31,
3228,8388,7973,31,
3229,7973,2349,31,
3230,2349,7973,31,
3231,6248,3069,31,
3232,3069,6248,31,
3233,7990,7973,31,
3234,7973,7990,31,
3235,6250,3079,31,
3236,3079,6250,31,
3237,7990,7986,31,
3238,7986,7973,31,
3239,7973,7986,31,
3240,7973,7978,31,
3241,7978,7973,31,
3242,8006,7976,31,
3243,8006,7973,31,
3244,7973,8006,31,
3245,7976,8006,31,
3246,8234,8178,32,
3247,8178,8234,32,
3248,8172,8247,32,
3249,8172,8234,32,
3250,8139,8178,32,
3251,8234,8243,32,
3252,8139,8149,32,
3253,8149,8139,32,
3254,8243,8139,32,
3255,8178,8139,32,
3256,8139,8243,32,
3257,8139,8234,32,
3258,8178,8229,32,
3259,8149,8196,32,
3260,8196,8149,32,
3261,8184,8149,32,
3262,8149,8184,32,
3263,8104,7976,31,
3264,7976,8104,31,
3265,8144,7976,31,
3266,8144,7973,31,
3267,7976,8144,31,
3268,7973,8144,31,
3269,8104,8144,31,
3270,8144,8104,31,
3271,8139,8104,31,
3272,8139,7973,31,
3273,8104,8139,31,
3274,8126,8104,31,
3275,8104,8126,31,
3276,7221,7714,31,
3277,7714,7221,31,
3278,7714,7679,31,
3279,7679,7221,31,
3280,7221,7679,31,
3281,7679,7714,31,
3282,7548,7635,31,
3283,7561,7647,31,
3284,7620,7647,31,
3285,7548,7647,31,
3286,7561,7620,31,
3287,7548,7620,31,
3288,7620,7561,31,
3289,7647,7561,31,
3290,7647,7548,31,
3291,7620,7548,31,
3292,7635,7620,31,
3293,7635,7548,31,
3294,7647,7620,31,
3295,7548,7651,31,
3296,7548,7671,31,
3297,7651,7548,31,
3298,7671,7548,31,
3299,7154,7548,31,
3300,7146,7548,31,
3301,7548,7154,31,
3302,7548,7146,31,
3303,7548,7714,31,
3304,7548,7551,31,
3305,7714,7548,31,
3306,7551,7548,31,
3307,7548,7875,31,
3308,7561,7774,31,
3309,7774,7561,31,
3310,7790,7814,31,
3311,7774,7814,31,
3312,7814,7790,31,
3313,7814,7774,31,
3314,7739,7768,31,
3315,7739,7753,31,
3316,7768,7739,31,
3317,7753,7739,31,
3318,7739,7814,31,
3319,7753,7814,31,
3320,7814,7739,31,
3321,7814,7753,31,
3322,465,136,31,
3323,465,1126,31,
3324,1191,136,31,
3325,1126,136,31,
3326,8298,7925,31,
3327,8261,7925,31,
3328,8298,7875,31,
3329,8261,8298,31,
3330,7875,8298,31,
3331,7925,8298,31,
3332,7925,8261,31,
3333,136,1191,31,
3334,136,465,31,
3335,7154,7925,31,
3336,7897,7875,31,
3337,7897,7925,31,
3338,7925,7897,31,
3339,7875,7897,31,
3340,7925,7154,31,
3341,7875,8328,31,
3342,7875,7949,31,
3343,7875,8342,31,
3344,8342,7875,31,
3345,7949,7875,31,
3346,8328,7875,31,
3347,7897,7548,31,
3348,7221,7129,31,
3349,7221,7078,31,
3350,7129,7221,31,
3351,7078,7221,31,
3352,7078,8261,31,
3353,7129,8261,31,
3354,8261,7129,31,
3355,7129,8388,31,
3356,8261,7078,31,
3357,8270,7129,31,
3358,7221,8261,31,
3359,8388,7129,31,
3360,8261,7221,31,
3361,8368,7221,31,
3362,8388,7221,31,
3363,8388,7078,31,
3364,7078,8388,31,
3365,8388,7774,31,
3366,8388,7548,31,
3367,7078,7297,31,
3368,7078,7091,31,
3369,7078,7248,31,
3370,7297,7078,31,
3371,7248,7078,31,
3372,7091,7078,31,
3373,7679,7704,31,
3374,7704,7078,31,
3375,7704,7679,31,
3376,8261,8388,31,
3377,8388,8261,31,
3378,8261,7973,31,
3379,7973,8261,31,
3380,7312,6958,31,
3381,6958,7312,31,
3382,7714,7248,31,
3383,7129,7248,31,
3384,7714,7129,31,
3385,7248,7129,31,
3386,7248,7714,31,
3387,7248,7312,31,
3388,7312,7248,31,
3389,7105,7129,31,
3390,7078,7105,31,
3391,7105,6989,31,
3392,7221,7105,31,
3393,6989,7078,31,
3394,6989,7105,31,
3395,7129,7105,31,
3396,7105,7078,31,
3397,7078,6989,31,
3398,7129,6989,31,
3399,7154,7078,31,
3400,7078,7154,31,
3401,7146,7078,31,
3402,7078,7146,31,
3403,7679,6958,31,
3404,7185,6958,31,
3405,7185,7078,31,
3406,6958,7185,31,
3407,6958,7679,31,
3408,136,1126,31,
3409,8388,7875,36,
3410,1267,109,31,
3411,109,1267,31,
3412,109,1191,31,
3413,1191,109,31,
3414,7875,8261,36,
3415,8261,7875,36,
3416,8315,8293,31,
3417,8293,8315,31,
3418,7248,7287,31,
3419,7287,7248,31,
3420,7290,7248,31,
3421,7248,7290,31,
3422,7248,7497,31,
3423,7497,7248,31,
3424,7248,7305,31,
3425,7305,7248,31,
3426,3715,2696,31,
3427,6969,7037,31,
3428,7037,6969,31,
3429,6969,7002,31,
3430,7002,6969,31,
3431,6969,7027,31,
3432,6969,7021,31,
3433,7021,6969,31,
3434,7027,6969,31,
3435,2696,3715,31,
3436,7021,6999,31,
3437,6999,7021,31,
3438,7120,6969,31,
3439,6969,7120,31,
3440,3733,2696,31,
3441,6155,6213,31,
3442,6155,6220,31,
3443,2696,3733,31,
3444,6169,6220,31,
3445,6213,6169,31,
3446,6155,6169,31,
3447,6169,6213,31,
3448,6220,6169,31,
3449,6169,6155,31,
3450,6169,6134,31,
3451,6155,6134,31,
3452,3733,2699,31,
3453,6134,6155,31,
3454,6672,6169,31,
3455,6672,6155,31,
3456,6169,6672,31,
3457,7197,6672,31,
3458,6722,6672,31,
3459,6672,6722,31,
3460,6672,7197,31,
3461,7197,7221,31,
3462,6672,6766,31,
3463,6766,6672,31,
3464,6766,6683,31,
3465,6683,6766,31,
3466,6672,6683,31,
3467,6683,6672,31,
3468,7679,6672,31,
3469,6672,7679,31,
3470,6744,6672,31,
3471,6672,6744,31,
3472,6134,6169,31,
3473,6422,6220,31,
3474,6422,6155,31,
3475,6422,6213,31,
3476,6155,6422,31,
3477,6134,6422,31,
3478,6220,6422,31,
3479,6213,6422,31,
3480,6422,6134,31,
3481,6134,6190,31,
3482,6190,6134,31,
3483,6190,6155,31,
3484,6220,6190,31,
3485,6213,6190,31,
3486,6155,6190,31,
3487,6190,6220,31,
3488,6190,6213,31,
3489,6169,6190,31,
3490,6672,6336,31,
3491,6672,6277,31,
3492,6672,6260,31,
3493,6722,6277,31,
3494,6277,6722,31,
3495,7197,6277,31,
3496,6277,7197,31,
3497,6722,7197,31,
3498,6260,6277,31,
3499,6277,6260,31,
3500,6336,6672,31,
3501,6260,6672,31,
3502,6277,6672,31,
3503,6336,6403,31,
3504,6403,6336,31,
3505,6303,6277,31,
3506,6277,6303,31,
3507,6381,6336,31,
3508,6336,6381,31,
3509,6403,6381,31,
3510,6336,6344,31,
3511,6344,6336,31,
3512,6344,4132,31,
3513,4132,6336,31,
3514,4132,6344,31,
3515,6403,6344,31,
3516,7078,6303,31,
3517,6303,7078,31,
3518,7129,6336,31,
3519,7078,6336,31,
3520,6336,7078,31,
3521,6303,7129,31,
3522,6336,6303,31,
3523,7129,6303,31,
3524,1066,6861,31,
3525,6861,1066,31,
3526,6861,6672,31,
3527,6672,6861,31,
3528,1066,1101,31,
3529,1101,1066,31,
3530,6861,2101,31,
3531,2101,6861,31,
3532,6861,6639,31,
3533,6639,6861,31,
3534,1066,611,31,
3535,611,1066,31,
3536,1066,1090,31,
3537,1090,1066,31,
3538,1086,1066,31,
3539,1066,1086,31,
3540,6934,6861,31,
3541,6861,6934,31,
3542,6946,6861,31,
3543,6861,6946,31,
3544,6780,7709,31,
3545,6707,7709,31,
3546,6810,7709,31,
3547,6861,7709,31,
3548,7709,6707,31,
3549,7709,6780,31,
3550,7709,6861,31,
3551,7709,6810,31,
3552,6707,6777,31,
3553,6777,6672,31,
3554,6707,6950,31,
3555,6780,6707,31,
3556,6777,6707,31,
3557,6672,6777,31,
3558,6892,1066,31,
3559,7078,1066,31,
3560,7129,1066,31,
3561,7129,6861,31,
3562,6892,6861,31,
3563,7078,6861,31,
3564,1066,6892,31,
3565,6861,7129,31,
3566,6861,7078,31,
3567,1066,7078,31,
3568,1066,7129,31,
3569,1066,7679,31,
3570,6861,6892,31,
3571,6861,7679,31,
3572,6950,6861,31,
3573,7679,6861,31,
3574,7129,6892,31,
3575,7078,6892,31,
3576,7679,6892,31,
3577,6892,7078,31,
3578,6892,7679,31,
3579,6861,6950,31,
3580,3882,2696,31,
3581,3882,2699,31,
3582,2696,3882,31,
3583,2696,3859,31,
3584,3859,2696,31,
3585,5630,3135,36,
3586,3135,5630,36,
3587,4743,7404,36,
3588,6210,236,31,
3589,6210,172,31,
3590,236,6210,31,
3591,172,6210,31,
3592,6210,960,31,
3593,960,6210,31,
3594,166,6212,31,
3595,6212,166,31,
3596,6212,158,31,
3597,158,6212,31,
3598,6210,218,31,
3599,6210,6783,31,
3600,6210,191,31,
3601,218,6210,31,
3602,6783,6210,31,
3603,191,6210,31,
3604,8686,7404,31,
3605,7404,8686,31,
3606,8623,8686,31,
3607,8505,5543,31,
3608,5543,8686,31,
3609,5543,8505,31,
3610,8686,5543,31,
3611,8505,8686,31,
3612,7472,8505,31,
3613,8505,7472,31,
3614,8686,8505,31,
3615,7472,8686,31,
3616,7496,5543,31,
3617,5543,7496,31,
3618,16,325,31,
3619,325,16,31,
3620,4684,5262,31,
3621,5262,4684,31,
3622,46,327,31,
3623,5901,8027,31,
3624,8027,5901,31,
3625,327,46,31,
3626,5901,8043,31,
3627,8043,5901,31,
3628,5262,8027,31,
3629,3151,5262,31,
3630,6324,5124,31,
3631,5124,6324,31,
3632,6209,16,31,
3633,16,6209,31,
3634,112,325,31,
3635,22,325,31,
3636,112,6209,31,
3637,325,112,31,
3638,6209,112,31,
3639,325,22,31,
3640,97,325,31,
3641,97,6209,31,
3642,325,97,31,
3643,16,7969,31,
3644,7969,16,31,
3645,7125,16,31,
3646,6209,97,31,
3647,14,325,31,
3648,16,14,31,
3649,325,14,31,
3650,16,4459,36,
3651,4459,16,36,
3652,173,962,31,
3653,962,173,31,
3654,974,962,31,
3655,962,974,31,
3656,1370,173,31,
3657,1370,974,31,
3658,173,1370,31,
3659,974,1370,31,
3660,7129,192,31,
3661,7129,7739,31,
3662,7739,7129,31,
3663,192,7129,31,
3664,192,7739,31,
3665,7875,192,31,
3666,7875,7739,31,
3667,7561,192,31,
3668,8261,192,31,
3669,8261,7739,31,
3670,7739,192,31,
3671,7548,192,31,
3672,7739,7875,31,
3673,192,7875,31,
3674,192,7561,31,
3675,192,8261,31,
3676,7739,8261,31,
3677,192,7548,31,
3678,178,7739,31,
3679,4,6212,31,
3680,6212,4,31,
3681,7970,191,31,
3682,7970,218,31,
3683,7970,7751,31,
3684,218,7970,31,
3685,191,7970,31,
3686,7751,7970,31,
3687,6210,7737,31,
3688,7751,6210,31,
3689,7737,6210,31,
3690,6210,7751,31,
3691,1704,8820,31,
3692,8820,7972,31,
3693,8820,8454,31,
3694,8820,6225,31,
3695,8820,3640,31,
3696,8820,8705,31,
3697,8820,3290,31,
3698,8820,1712,31,
3699,8820,7077,31,
3700,8820,7128,31,
3701,7077,8820,31,
3702,7128,8820,31,
3703,7972,8820,31,
3704,8705,8820,31,
3705,6225,8820,31,
3706,8705,1704,31,
3707,8454,8820,31,
3708,8820,1369,31,
3709,1704,1369,31,
3710,135,7972,31,
3711,1190,7972,31,
3712,135,8454,31,
3713,3290,8820,31,
3714,3640,8820,31,
3715,1369,8820,31,
3716,1369,1704,31,
3717,7972,135,31,
3718,7972,1125,31,
3719,8454,1125,31,
3720,8454,135,31,
3721,37471,37341,1,
3722,37341,37471,1,
3723,13747,13710,2,
3724,13710,13747,2,
3725,13507,13710,2,
3726,13710,13507,2,
3727,13487,13710,2,
3728,13710,13487,2,
3729,13701,13710,2,
3730,13710,13701,2,
3731,17437,15652,3,
3732,15652,17437,3,
3733,37471,29544,37,
3734,29544,37471,37,
3735,37454,29544,37,
3736,29544,37454,37,
3737,37471,12750,37,
3738,12750,37471,37,
3739,37471,29544,5,
3740,29547,37471,5,
3741,37429,37471,5,
3742,37471,37429,5,
3743,37471,37559,5,
3744,37559,37471,5,
3745,37471,38145,5,
3746,38145,37471,5,
3747,37471,38337,5,
3748,38337,37471,5,
3749,37471,37802,5,
3750,37802,37471,5,
3751,37471,37967,5,
3752,37967,37471,5,
3753,37802,38256,5,
3754,38256,37802,5,
3755,37471,37341,5,
3756,37341,37471,5,
3757,37802,37559,5,
3758,37559,37802,5,
3759,37566,37967,5,
3760,37967,37566,5,
3761,38145,37888,5,
3762,37888,38145,5,
3763,38214,37888,5,
3764,37888,38214,5,
3765,33387,37471,37,
3766,37471,33387,37,
3767,40450,40439,6,
3768,40439,40450,6,
3769,40450,40447,6,
3770,40447,40450,6,
3771,40450,40449,6,
3772,40449,40450,6,
3773,40450,40448,6,
3774,40448,40450,6,
3775,40450,40446,6,
3776,40446,40450,6,
3777,17437,12926,7,
3778,12926,17437,7,
3779,18838,27939,7,
3780,27939,18838,7,
3781,33540,31569,7,
3782,31569,33540,7,
3783,12926,31576,7,
3784,31576,12926,7,
3785,31878,32275,8,
3786,32275,31878,8,
3787,32275,32624,8,
3788,32624,32275,8,
3789,32624,31569,8,
3790,31569,32624,8,
3791,31878,31569,8,
3792,31569,31878,8,
3793,31374,31569,8,
3794,31569,31374,8,
3795,31374,32755,8,
3796,32755,31374,8,
3797,31569,30316,8,
3798,30430,32275,8,
3799,32275,30430,8,
3800,32813,32275,8,
3801,32275,32813,8,
3802,31374,32275,8,
3803,32275,31374,8,
3804,32182,32756,8,
3805,32756,32182,8,
3806,32332,32755,8,
3807,32755,32332,8,
3808,32757,32332,8,
3809,32332,32757,8,
3810,33765,33836,9,
3811,33836,33765,9,
3812,40452,40454,10,
3813,40454,40452,10,
3814,29356,29437,11,
3815,29437,29356,11,
3816,29242,29356,11,
3817,29356,29242,11,
3818,29437,23097,37,
3819,23097,29437,37,
3820,29437,15652,37,
3821,15652,29437,37,
3822,18838,29545,12,
3823,29545,18838,12,
3824,29544,39372,12,
3825,39372,29544,12,
3826,29544,29308,12,
3827,29308,29544,12,
3828,29544,29356,12,
3829,29356,29544,12,
3830,29544,15652,37,
3831,15652,29544,37,
3832,29544,23097,37,
3833,23097,29544,37,
3834,36525,29545,37,
3835,29545,36525,37,
3836,29356,12751,14,
3837,12751,29356,14,
3838,32891,23097,14,
3839,23097,32891,14,
3840,32276,21698,14,
3841,21698,32275,14,
3842,15652,33540,14,
3843,33540,15652,14,
3844,12750,32276,14,
3845,32276,12750,14,
3846,32891,12750,14,
3847,12750,32891,14,
3848,12091,20344,14,
3849,20344,12091,14,
3850,33540,12750,14,
3851,12750,33540,14,
3852,18838,15652,14,
3853,15652,18838,14,
3854,12091,33540,14,
3855,33540,12091,14,
3856,12750,11846,14,
3857,11846,12750,14,
3858,11986,18838,14,
3859,18838,11986,14,
3860,11986,15652,14,
3861,15652,11986,14,
3862,12750,12926,14,
3863,12926,12750,14,
3864,15652,20344,14,
3865,20344,15652,14,
3866,12750,20344,14,
3867,20344,12750,14,
3868,12695,40349,15,
3869,40349,12695,15,
3870,34148,36270,16,
3871,36270,34148,16,
3872,35761,36270,16,
3873,36270,35761,16,
3874,29308,36525,16,
3875,36525,29308,16,
3876,36753,36270,16,
3877,36270,36753,16,
3878,34944,35079,16,
3879,35079,34944,16,
3880,17437,36525,37,
3881,36525,17437,37,
3882,33981,34866,16,
3883,34866,33981,16,
3884,36525,36324,16,
3885,36324,36525,16,
3886,36753,34444,16,
3887,34444,36753,16,
3888,34944,34603,16,
3889,34603,34944,16,
3890,34944,34866,16,
3891,34866,34944,16,
3892,33980,36270,16,
3893,36270,33980,16,
3894,34944,36270,16,
3895,36270,34944,16,
3896,17437,35761,37,
3897,11738,17437,37,
3898,21698,35761,37,
3899,35761,21698,37,
3900,17437,34444,37,
3901,34444,17437,37,
3902,21698,36525,37,
3903,36525,21698,37,
3904,15781,34603,37,
3905,34603,15781,37,
3906,15781,35079,37,
3907,35079,15781,37,
3908,39257,18838,37,
3909,18838,39257,37,
3910,40377,17437,18,
3911,17437,40377,18,
3912,35761,17437,18,
3913,17437,35761,18,
3914,39257,39139,19,
3915,39139,39257,19,
3916,39257,38947,19,
3917,38947,39257,19,
3918,39133,39257,19,
3919,39257,39133,19,
3920,33765,33858,20,
3921,33858,33765,20,
3922,33858,33580,20,
3923,33580,33858,20,
3924,28631,27933,21,
3925,27933,28631,21,
3926,28583,27933,21,
3927,27933,28583,21,
3928,28164,27933,21,
3929,27933,28164,21,
3930,25950,27933,21,
3931,27933,25950,21,
3932,27933,26054,21,
3933,26054,27933,21,
3934,27268,27933,21,
3935,27933,27268,21,
3936,27933,26383,21,
3937,26383,27933,21,
3938,27933,27842,21,
3939,27842,27933,21,
3940,27933,26299,21,
3941,26299,27933,21,
3942,39257,18838,22,
3943,18838,39257,22,
3944,12091,39139,22,
3945,39139,12091,22,
3946,39139,33845,22,
3947,33845,39139,22,
3948,39139,38947,22,
3949,38947,39139,22,
3950,40355,13710,37,
3951,13710,40355,37,
3952,40355,37471,37,
3953,37471,40355,37,
3954,40345,40355,23,
3955,40355,40345,23,
3956,40345,40358,23,
3957,40358,40345,23,
3958,40345,40362,23,
3959,40362,40345,23,
3960,40345,40371,23,
3961,40371,40345,23,
3962,40345,40366,23,
3963,40366,40345,23,
3964,40345,40367,23,
3965,40367,40345,23,
3966,40358,40365,23,
3967,40365,40358,23,
3968,12696,20345,24,
3969,20345,12696,24,
3970,12091,20345,24,
3971,20345,12091,24,
3972,21705,20345,24,
3973,20345,21709,24,
3974,21332,20345,24,
3975,20345,21332,24,
3976,12091,19515,24,
3977,19515,12091,24,
3978,12696,19515,24,
3979,19515,12696,24,
3980,40388,40383,25,
3981,40383,40388,25,
3982,40430,40378,25,
3983,40378,40430,25,
3984,40435,40436,25,
3985,40436,40435,25,
3986,40402,40375,25,
3987,40375,40402,25,
3988,40388,40412,25,
3989,40412,40388,25,
3990,40402,29544,25,
3991,29544,40402,25,
3992,40407,40412,25,
3993,40412,40407,25,
3994,40402,40423,25,
3995,40423,40402,25,
3996,40388,40433,25,
3997,40433,40388,25,
3998,40388,40430,25,
3999,40430,40388,25,
4000,40402,34148,25,
4001,34148,40402,25,
4002,40388,40407,25,
4003,40407,40388,25,
4004,40402,40430,25,
4005,40430,40402,25,
4006,35761,40436,25,
4007,40436,35761,25,
4008,40401,40383,25,
4009,40383,40401,25,
4010,40412,35761,25,
4011,35761,40412,25,
4012,40430,40412,25,
4013,40412,40430,25,
4014,40402,40436,25,
4015,40436,40402,25,
4016,40423,40436,25,
4017,40436,40423,25,
4018,40378,40428,25,
4019,40428,40378,25,
4020,40383,40373,25,
4021,40373,40383,25,
4022,40402,40428,25,
4023,40428,40402,25,
4024,40402,35761,25,
4025,35761,40402,25,
4026,40378,40412,25,
4027,40412,40378,25,
4028,40402,40418,25,
4029,40418,40402,25,
4030,40402,40377,25,
4031,40377,40402,25,
4032,40388,35761,25,
4033,35761,40388,25,
4034,40402,36526,25,
4035,36526,40402,25,
4036,35761,40399,25,
4037,40399,35761,25,
4038,40402,40401,25,
4039,40401,40402,25,
4040,40397,40412,25,
4041,40412,40397,25,
4042,40378,40407,25,
4043,40407,40378,25,
4044,40407,40436,25,
4045,40436,40407,25,
4046,40397,40378,25,
4047,40378,40397,25,
4048,40402,40407,25,
4049,40407,40402,25,
4050,40388,34148,25,
4051,34148,40388,25,
4052,40402,40397,25,
4053,40397,40402,25,
4054,40402,37471,25,
4055,37471,40402,25,
4056,40404,40410,25,
4057,40410,40404,25,
4058,40404,40407,25,
4059,40407,40404,25,
4060,40402,40412,25,
4061,40412,40402,25,
4062,40410,40407,25,
4063,40407,40410,25,
4064,40410,40402,25,
4065,40402,40410,25,
4066,40388,40375,25,
4067,40375,40388,25,
4068,40409,40399,25,
4069,40399,40409,25,
4070,40375,40412,25,
4071,40412,40375,25,
4072,40402,40386,25,
4073,40386,40402,25,
4074,40383,40374,25,
4075,40374,40383,25,
4076,40425,40418,25,
4077,40418,40425,25,
4078,40383,40402,25,
4079,40402,40383,25,
4080,40375,40401,25,
4081,40401,40375,25,
4082,40378,40375,25,
4083,40375,40378,25,
4084,40402,33387,37,
4085,33387,40402,37,
4086,12772,40402,37,
4087,40402,12750,37,
4088,25904,25897,26,
4089,25897,25904,26,
4090,25897,25899,26,
4091,25904,25910,26,
4092,25910,25904,26,
4093,25897,25901,26,
4094,25901,25897,26,
4095,33765,33567,27,
4096,33567,33765,27,
4097,38848,33391,37,
4098,33391,38848,37,
4099,39708,39492,30,
4100,39492,39708,30,
4101,39708,17437,3,
4102,17437,39708,3,
4103,40520,40529,38,
4104,40529,40520,38,
4105,40525,40531,38,
4106,40531,40525,38,
